Date,Close_Price,Open_Price,High_Price,Low_Price
2019-09-17,38.702266693115234,39.366509955695875,39.366509955695875,38.63824162772362
2019-09-18,39.04638671875,38.454167182620765,39.17443377346949,38.30211225916719
2019-09-19,38.19807052612305,38.9103324113115,39.03837945749277,38.16605800135713
2019-09-20,38.718265533447266,38.45416676868473,39.11841295674863,38.43015890020907
2019-09-21,38.54220199584961,38.462173727555104,38.822303987763114,38.15005615428795
2019-09-22,38.54220199584961,38.462173727555104,38.822303987763114,38.15005615428795
2019-09-23,38.54220199584961,38.462173727555104,38.822303987763114,38.15005615428795
2019-09-24,37.82993698120117,38.54219889145419,38.71026007306575,37.669877404621474
2019-09-25,38.67825698852539,37.79793069837523,38.75828526359222,37.75791656084182
2019-09-26,38.318119049072266,38.47017397461493,38.50218650195527,38.054020277838404
2019-09-27,37.82993698120117,38.70225846803388,39.18243414489047,37.72589779849199
2019-09-28,37.50981521606445,37.93397352239697,37.94197512687164,37.32574778432412
2019-09-29,37.50981521606445,37.93397352239697,37.94197512687164,37.32574778432412
2019-09-30,37.50981521606445,37.93397352239697,37.94197512687164,37.32574778432412
2019-10-01,36.20534133911133,37.86995308475455,38.070026802680296,35.997262962854265
2019-10-02,35.28499984741211,35.74116766495105,35.96524924468735,34.78081324012287
2019-10-03,34.99689483642578,35.08492776193949,35.18096229300777,34.10856702861681
2019-10-04,35.76517868041992,35.10893709383481,35.78918960384911,34.62876136561057
2019-10-05,35.341026306152344,35.69315499942507,35.94924914960216,35.333024699595654
2019-10-06,35.341026306152344,35.69315499942507,35.94924914960216,35.333024699595654
2019-10-07,35.341026306152344,35.69315499942507,35.94924914960216,35.333024699595654
2019-10-08,33.940494537353516,34.740789153233465,35.03689730630218,33.93249293446266
2019-10-09,34.28463363647461,34.22861323770791,34.47670575573384,33.84447205207223
2019-10-10,35.0048942565918,34.49270304414769,35.12493663924285,34.34064813830346
2019-10-11,36.20534133911133,35.789187639479856,36.55746998362289,35.76517671736856
2019-10-12,36.1893310546875,35.96524643954632,36.37339848838333,35.685144486722734
2019-10-13,36.1893310546875,35.96524643954632,36.37339848838333,35.685144486722734
2019-10-14,36.1893310546875,35.96524643954632,36.37339848838333,35.685144486722734
2019-10-15,37.12568283081055,36.26936746496098,37.293744040283904,36.10930786184602
2019-10-16,36.653507232666016,37.03764843323615,37.501820958643535,36.485446029832126
2019-10-17,37.013641357421875,36.845580150977376,37.04565388804453,36.461438942154416
2019-10-18,37.549835205078125,36.717530830101076,37.69388853116474,36.717530830101076
2019-10-19,37.83793258666992,38.03800626245034,38.35812536485181,37.805923118735386
2019-10-20,37.83793258666992,38.03800626245034,38.35812536485181,37.805923118735386
2019-10-21,37.83793258666992,38.03800626245034,38.35812536485181,37.805923118735386
2019-10-22,34.86884307861328,37.581841875542075,37.7899202265135,34.812822688632274
2019-10-23,35.54108810424805,34.72478713013614,35.93323385712926,34.72478713013614
2019-10-24,35.53310012817383,35.75718175697114,35.8772272311887,35.453068794401055
2019-10-25,36.02927780151367,35.357029944046495,36.293373538617104,35.357029944046495
2019-10-26,36.45343780517578,36.42942993133063,36.965626133093856,36.33339538306681
2019-10-27,36.45343780517578,36.42942993133063,36.965626133093856,36.33339538306681
2019-10-28,36.45343780517578,36.42942993133063,36.965626133093856,36.33339538306681
2019-10-29,36.6615104675293,35.77318264008037,36.917604591295124,35.77318264008037
2019-10-30,36.80555725097656,37.19769997264709,37.19769997264709,36.14131113668251
2019-10-31,35.292999267578125,36.46943359412485,36.52545398559066,34.81282361133337
2019-11-01,36.517459869384766,35.81319944997467,36.517459869384766,35.645138241113635
2019-11-02,37.221710205078125,36.925601980700336,37.549830954492,36.7655424084023
2019-11-03,37.221710205078125,36.925601980700336,37.549830954492,36.7655424084023
2019-11-04,37.221710205078125,36.925601980700336,37.549830954492,36.7655424084023
2019-11-05,38.62223434448242,37.41379026942308,38.75028141901111,37.41379026942308
2019-11-06,37.917972564697266,38.44616706749811,38.66224705312792,37.7579129768734
2019-11-07,38.974369049072266,38.342135234934446,39.16643814901077,38.19808188353891
2019-11-08,39.240657806396484,38.85333522012428,39.29714215784246,38.643533562039565
2019-11-09,38.96629333496094,38.83718584128506,39.127678471597136,38.63545519003117
2019-11-10,38.96629333496094,38.83718584128506,39.127678471597136,38.63545519003117
2019-11-11,38.96629333496094,38.83718584128506,39.127678471597136,38.63545519003117
2019-11-12,38.740352630615234,38.998570694254205,39.07119077313855,38.59510939468112
2019-11-13,38.40144729614258,38.13516135619206,38.57090030620264,37.83660085111021
2019-11-14,38.63545608520508,38.34496344816236,38.67580160075756,38.07060963297375
2019-11-15,38.95821762084961,38.9662885696854,39.07118627923012,38.62737951637879
2019-11-16,38.6515998840332,38.73229092552835,38.73229092552835,38.0867533590694
2019-11-17,38.6515998840332,38.73229092552835,38.73229092552835,38.0867533590694
2019-11-18,38.6515998840332,38.73229092552835,38.73229092552835,38.0867533590694
2019-11-19,38.7484245300293,38.92594849120517,38.93401636300157,38.27234006173851
2019-11-20,38.80491256713867,38.49021320825895,39.03084993696702,38.054474213733585
2019-11-21,38.36109924316406,39.022775496145414,39.046982187933786,38.10288427020379
2019-11-22,38.55475616455078,38.570894983972266,38.780696558286486,38.29654121013718
2019-11-23,39.72480010986328,38.69194014396356,39.90232407081436,38.57090052001228
2019-11-24,39.72480010986328,38.69194014396356,39.90232407081436,38.57090052001228
2019-11-25,39.72480010986328,38.69194014396356,39.90232407081436,38.57090052001228
2019-11-26,39.329402923583984,39.50692377555331,39.757070851818455,39.07118489876821
2019-11-27,39.579559326171875,39.595698150166186,39.68446014305191,39.2325823057091
2019-11-28,39.28905487060547,39.30519368976089,39.6441027356947,39.232570542644005
2019-11-29,39.28905487060547,39.30519368976089,39.6441027356947,39.232570542644005
2019-11-30,39.369754791259766,39.6037630863881,39.91039146121267,39.240647297079555
2019-12-01,39.369754791259766,39.6037630863881,39.91039146121267,39.240647297079555
2019-12-02,39.369754791259766,39.6037630863881,39.91039146121267,39.240647297079555
2019-12-03,38.59511184692383,38.66773193042228,38.67580288069919,38.19971839382704
2019-12-04,39.498863220214844,38.73228610868076,39.68445505510574,38.55476214566967
2019-12-05,39.61183166503906,39.59569284320782,39.942669817165736,39.42623983122805
2019-12-06,40.14440155029297,40.273509050242666,40.68503824440556,40.10405603371474
2019-12-07,40.168609619140625,40.128264101181806,40.39455006040827,39.958811078855355
2019-12-08,40.168609619140625,40.128264101181806,40.39455006040827,39.958811078855355
2019-12-09,40.168609619140625,40.128264101181806,40.39455006040827,39.958811078855355
2019-12-10,40.289649963378906,40.07984834121928,40.53979710421053,39.98301848077333
2019-12-11,40.451026916503906,40.346126126688276,40.628547778309034,40.0394947062392
2019-12-12,42.61357498168945,40.676959902733316,42.726543630298345,40.676959902733316
2019-12-13,42.21818923950195,42.44412657742503,42.815313304511285,41.855073462007454
2019-12-14,42.557090759277344,42.758821368894736,43.00089748480264,42.444119032233154
2019-12-15,42.557090759277344,42.758821368894736,43.00089748480264,42.444119032233154
2019-12-16,42.557090759277344,42.758821368894736,43.00089748480264,42.444119032233154
2019-12-17,43.1945686340332,42.63779311155184,43.275262746239974,42.52482443262799
2019-12-18,43.24298858642578,43.573826777722594,43.573826777722594,42.960566866355045
2019-12-19,43.14614486694336,43.283320207451666,43.436637444684365,42.96055307075659
2019-12-20,43.000911712646484,43.43665071235391,43.606103741740405,42.95249524217927
2019-12-21,43.186492919921875,43.1300085907166,43.3559459075377,42.74268615695253
2019-12-22,43.186492919921875,43.1300085907166,43.3559459075377,42.74268615695253
2019-12-23,43.186492919921875,43.1300085907166,43.3559459075377,42.74268615695253
2019-12-24,43.04125213623047,43.275260431866826,43.275260431866826,42.97669684991749
2019-12-25,43.05739212036133,43.05739212036133,43.22684513425994,42.944423444428914
2019-12-26,43.05739212036133,43.05739212036133,43.22684513425994,42.944423444428914
2019-12-27,42.6619987487793,43.331746011750866,43.331746011750866,42.613585360820764
2019-12-28,42.8153076171875,42.863720995645586,43.08159043320184,42.645851558089326
2019-12-29,42.8153076171875,42.863720995645586,43.08159043320184,42.645851558089326
2019-12-30,42.8153076171875,42.863720995645586,43.08159043320184,42.645851558089326
2019-12-31,43.05739212036133,42.80724499639273,43.26719065021215,42.80724499639273
2020-01-01,43.05739212036133,43.18649961830773,43.339813810192354,42.42799345264329
2020-01-02,43.05739212036133,43.18649961830773,43.339813810192354,42.42799345264329
2020-01-03,42.895999908447266,42.37149905301791,43.08966266253097,42.05679977102631
2020-01-04,42.403785705566406,42.37150805999697,42.45220217392056,41.750180312696706
2020-01-05,42.403785705566406,42.37150805999697,42.45220217392056,41.750180312696706
2020-01-06,42.403785705566406,42.37150805999697,42.45220217392056,41.750180312696706
2020-01-07,42.089088439941406,42.27468029390325,42.52482744219923,41.91963540956309
2020-01-08,42.8879280090332,42.22625186849863,43.14614293811183,42.210113050660624
2020-01-09,43.25104904174805,43.1542191940679,43.25104904174805,42.726551211829
2020-01-10,42.403785705566406,43.17843073023864,43.17843073023864,42.31502371933331
2020-01-11,42.73462677001953,42.62972903206671,42.83952758613827,42.10522802963897
2020-01-12,42.73462677001953,42.62972903206671,42.83952758613827,42.10522802963897
2020-01-13,42.73462677001953,42.62972903206671,42.83952758613827,42.10522802963897
2020-01-14,42.69427490234375,42.66199725938788,42.94442201800355,42.55709953702949
2020-01-15,41.927703857421875,42.32309734522767,42.500618250749994,41.669488832874954
2020-01-16,42.61357498168945,42.23432045150405,42.68619812410443,42.09714203664696
2020-01-17,42.56516647338867,42.93635012472867,43.18649723489192,42.52482095966309
2020-01-18,41.64527130126953,42.193978855214255,42.37149971455042,41.62106461094303
2020-01-19,41.64527130126953,42.193978855214255,42.37149971455042,41.62106461094303
2020-01-20,41.64527130126953,42.193978855214255,42.37149971455042,41.62106461094303
2020-01-21,41.64527130126953,42.193978855214255,42.37149971455042,41.62106461094303
2020-01-22,41.63720703125,41.750178786613596,42.12136246259722,41.41934062703418
2020-01-23,39.43430709838867,39.99108566944977,40.1201931639545,38.44986360710216
2020-01-24,39.45851516723633,40.04756827788221,40.16053694592864,38.97435977511049
2020-01-25,38.00605392456055,38.474070518648546,38.82104748925435,37.876946429323425
2020-01-26,38.00605392456055,38.474070518648546,38.82104748925435,37.876946429323425
2020-01-27,38.00605392456055,38.474070518648546,38.82104748925435,37.876946429323425
2020-01-28,38.25620651245117,38.31269085730717,38.716152222373374,37.98992361215376
2020-01-29,37.086158752441406,38.264264907875706,38.4337209786379,37.086158752441406
2020-01-30,37.20720291137695,36.71497961523761,37.239480555292936,36.54552660192701
2020-01-31,36.19855499267578,36.78760822974088,36.88443809768098,36.166277343973746
2020-02-01,36.60201644897461,36.51325445392811,37.21527638485748,36.51325445392811
2020-02-02,36.60201644897461,36.51325445392811,37.21527638485748,36.51325445392811
2020-02-03,36.60201644897461,36.51325445392811,37.21527638485748,36.51325445392811
2020-02-04,37.529964447021484,37.30402713006923,37.73976602261865,37.16685178139539
2020-02-05,39.41816329956055,38.482133313050326,39.53113503638229,38.482133313050326
2020-02-06,38.740352630615234,39.51500066520129,39.75707682931206,38.732284759016565
2020-02-07,37.91728591918945,38.417576958349805,38.490200099370234,37.80431419458508
2020-02-08,37.99054718017578,37.77080714028117,38.05565361537026,37.66500569042219
2020-02-09,37.99054718017578,37.77080714028117,38.05565361537026,37.66500569042219
2020-02-10,37.99054718017578,37.77080714028117,38.05565361537026,37.66500569042219
2020-02-11,38.15330505371094,38.24282908842117,38.861353984775874,38.137027674255194
2020-02-12,38.503265380859375,38.62534108393489,38.88577297600765,38.19400134480058
2020-02-13,38.72299575805664,38.18585162134746,38.747410271691685,38.16143710771241
2020-02-14,38.02309799194336,38.66603755515772,38.66603755515772,37.87660464726327
2020-02-15,37.43711853027344,37.93356777273584,38.08819823162048,37.23365592956543
2020-02-16,37.43711853027344,37.93356777273584,38.08819823162048,37.23365592956543
2020-02-17,37.43711853027344,37.93356777273584,38.08819823162048,37.23365592956543
2020-02-18,37.43711853027344,37.93356777273584,38.08819823162048,37.23365592956543
2020-02-19,38.06378936767578,37.770802682395946,38.250974615583814,37.721970533318185
2020-02-20,38.99971008300781,37.89287613536569,39.056682467825226,37.89287613536569
2020-02-21,37.59988784790039,38.71486198945781,38.74741674947522,37.510363810148924
2020-02-22,36.04542922973633,36.175645148847764,36.81044736644197,35.71175074297624
2020-02-23,36.04542922973633,36.175645148847764,36.81044736644197,35.71175074297624
2020-02-24,36.04542922973633,36.175645148847764,36.81044736644197,35.71175074297624
2020-02-25,34.28752136230469,36.069852783927445,36.069852783927445,34.16544254928411
2020-02-26,33.81547546386719,34.50725000224385,34.94672675432503,33.595735535530515
2020-02-27,32.41566848754883,32.59471349516533,33.59574928647887,31.88666439488862
2020-02-28,30.901906967163086,31.30069200570711,31.72389467234104,30.242686891419044
2020-02-29,33.00978088378906,30.94259965037339,33.050472792167845,30.592643650047364
2020-03-01,33.00978088378906,30.94259965037339,33.050472792167845,30.592643650047364
2020-03-02,33.00978088378906,30.94259965037339,33.050472792167845,30.592643650047364
2020-03-03,30.218271255493164,32.83073072961306,33.11557717522984,29.843897649633867
2020-03-04,30.918170928955078,30.53566033573356,31.023969221239692,29.355576907069533
2020-03-05,28.93238067626953,29.542768467349447,29.941556523542516,28.387102406442704
2020-03-06,27.890657424926758,27.312824306382037,29.14398795878487,27.304684062687986
2020-03-07,23.390058517456055,25.67697753157738,25.67697753157738,23.17031855374253
2020-03-08,23.390058517456055,25.67697753157738,25.67697753157738,23.17031855374253
2020-03-09,23.390058517456055,25.67697753157738,25.67697753157738,23.17031855374253
2020-03-10,27.158187866210938,24.87126860212017,27.158187866210938,23.992310203488724
2020-03-11,24.993343353271484,26.18156411203201,26.319920285089157,24.42364904307125
2020-03-12,21.90885353088379,20.753185863825937,24.700360740542326,20.753185863825937
2020-03-13,24.309715270996094,23.959759305426296,24.325991101353075,22.23439555155774
2020-03-14,19.2963924407959,20.6718000658298,21.656559867327495,18.970852587849066
2020-03-15,19.2963924407959,20.6718000658298,21.656559867327495,18.970852587849066
2020-03-16,19.2963924407959,20.6718000658298,21.656559867327495,18.970852587849066
2020-03-17,20.216047286987305,19.768430116459044,20.273016575713083,18.352328828405817
2020-03-18,16.431640625,18.759251800464675,21.664699141024467,15.951468746863302
2020-03-19,16.480466842651367,16.16306575574987,17.758211430973507,15.121336922424819
2020-03-20,16.43977928161621,16.48047118213498,17.29432161088239,15.446880765074614
2020-03-21,14.991128921508789,16.431644933645714,16.431644933645714,14.779527567836396
2020-03-22,14.991128921508789,16.431644933645714,16.431644933645714,14.779527567836396
2020-03-23,14.991128921508789,16.431644933645714,16.431644933645714,14.779527567836396
2020-03-24,16.789731979370117,16.16306839178461,16.887394704042443,15.861943080316593
2020-03-25,16.423503875732422,17.009475696078198,17.855880988874343,15.99216253779246
2020-03-26,17.88843536376953,16.659520802523744,18.303499345564873,16.114240852200076
2020-03-27,17.131549835205078,16.75717940644432,17.65241513266303,16.447915393532348
2020-03-28,18.376745223999023,17.579172063318655,18.523238570306994,16.480473518305605
2020-03-29,18.376745223999023,17.579172063318655,18.523238570306994,16.480473518305605
2020-03-30,18.376745223999023,17.579172063318655,18.523238570306994,16.480473518305605
2020-03-31,18.637176513671875,18.23838994694205,19.27198047524201,18.124451371389718
2020-04-01,16.602548599243164,17.4570924892087,17.798909734735613,16.154931479949205
2020-04-02,17.066442489624023,16.513025516350073,17.8233236171073,16.431640165125636
2020-04-03,17.278045654296875,17.009475052758976,17.71752566715705,16.928089692714874
2020-04-04,18.62903594970703,18.72669868486136,19.312670438897793,17.937264322191876
2020-04-05,18.62903594970703,18.72669868486136,19.312670438897793,17.937264322191876
2020-04-06,18.62903594970703,18.72669868486136,19.312670438897793,17.937264322191876
2020-04-07,19.10107421875,19.96375702640087,20.57414501460635,18.946443712725067
2020-04-08,20.60669708251953,19.540553223976943,20.842714503212743,18.86505728351604
2020-04-09,21.70539665222168,21.322887409872674,22.429723225798462,21.0787312862546
2020-04-10,20.696216583251953,21.672836163154486,21.672836163154486,20.199767326616186
2020-04-11,20.696216583251953,21.672836163154486,21.672836163154486,20.199767326616186
2020-04-12,20.696216583251953,21.672836163154486,21.672836163154486,20.199767326616186
2020-04-13,20.696216583251953,21.672836163154486,21.672836163154486,20.199767326616186
2020-04-14,19.988162994384766,21.387986508128304,21.485647675140576,19.621931289644344
2020-04-15,18.51509666442871,18.889467104629148,19.109207085944945,18.360464653247618
2020-04-16,18.059341430664062,18.47440533518979,18.555789136146732,17.571030863439884
2020-04-17,19.24756622314453,19.166180853346464,19.89050893702278,18.816226402119355
2020-04-18,19.174312591552734,18.808080888728956,19.776561625964145,18.466263701382342
2020-04-19,19.174312591552734,18.808080888728956,19.776561625964145,18.466263701382342
2020-04-20,19.174312591552734,18.808080888728956,19.776561625964145,18.466263701382342
2020-04-21,18.759252548217773,18.954578025327375,19.91492026758398,18.067480896616157
2020-04-22,18.81622314453125,18.669729814715975,19.540549550510605,18.604621840608804
2020-04-23,19.26384162902832,18.856916374128943,19.971892255563763,18.751116490865634
2020-04-24,19.37778091430664,19.581243549217913,19.646351530297654,18.83250099065256
2020-04-25,21.127552032470703,19.49985151031563,21.371708042171676,19.410329037158505
2020-04-26,21.127552032470703,19.49985151031563,21.371708042171676,19.410329037158505
2020-04-27,21.127552032470703,19.49985151031563,21.371708042171676,19.410329037158505
2020-04-28,22.0146541595459,22.120455587850834,22.673874144932366,21.428682391498924
2020-04-29,24.00858497619629,22.95058015748583,24.39923276596972,22.747117572941796
2020-04-30,22.99127197265625,23.16217979797022,23.642351619989935,22.421576117017036
2020-05-01,22.07162857055664,22.25881383274492,22.665739125656906,21.71353387815099
2020-05-02,21.39612579345703,21.52634172129831,22.014650674554947,21.168247143586644
2020-05-03,21.39612579345703,21.52634172129831,22.014650674554947,21.168247143586644
2020-05-04,21.39612579345703,21.52634172129831,22.014650674554947,21.168247143586644
2020-05-05,20.759782791137695,21.734962314003095,22.222552863575565,20.685404464844975
2020-05-06,20.040794372558594,21.03250441532078,21.181259503083414,19.98294490904874
2020-05-07,20.37963104248047,20.37963104248047,21.222584534816612,20.255667664496887
2020-05-08,21.387863159179688,20.949859228201273,21.520092515710704,20.842423171572225
2020-05-09,20.065584182739258,20.88374411628449,20.908535838456558,19.90029867895503
2020-05-10,20.065584182739258,20.88374411628449,20.908535838456558,19.90029867895503
2020-05-11,20.065584182739258,20.88374411628449,20.908535838456558,19.90029867895503
2020-05-12,18.759836196899414,20.156492423528547,20.387891843790456,18.718514027417147
2020-05-13,17.46234893798828,18.635871787447556,18.71851455245053,17.18136605902558
2020-05-14,18.454057693481445,16.842529403979995,18.52843601922948,16.330147133581875
2020-05-15,18.20612907409668,18.247449661257736,18.52843406753513,17.925144667819286
2020-05-16,20.768043518066406,19.40444363637885,20.999442906826474,19.387914770836122
2020-05-17,20.768043518066406,19.40444363637885,20.999442906826474,19.387914770836122
2020-05-18,20.768043518066406,19.40444363637885,20.999442906826474,19.387914770836122
2020-05-19,19.55320167541504,20.43747555371005,20.644081658966996,19.536672808687406
2020-05-20,20.51185417175293,20.25566303891994,20.883745797058488,20.05732136418348
2020-05-21,20.759782791137695,20.363097858816683,21.08208782088645,20.21434120623125
2020-05-22,20.487060546875,20.759780521370665,21.090349948595804,20.20607613966379
2020-05-23,23.15641212463379,21.850661632396022,23.511774869733593,21.51182775364492
2020-05-24,23.15641212463379,21.850661632396022,23.511774869733593,21.51182775364492
2020-05-25,23.15641212463379,21.850661632396022,23.511774869733593,21.51182775364492
2020-05-26,23.15641212463379,21.850661632396022,23.511774869733593,21.51182775364492
2020-05-27,24.6274471282959,24.45389875640839,24.90843155768667,23.75970211629937
2020-05-28,23.941516876220703,24.95802019555076,25.01586965756962,23.7431751880362
2020-05-29,23.387813568115234,23.48698520527672,24.090274733859975,22.81758177734571
2020-05-30,23.5530948638916,23.5530948638916,24.18944201571433,23.18946769481013
2020-05-31,23.5530948638916,23.5530948638916,24.18944201571433,23.18946769481013
2020-06-01,23.5530948638916,23.5530948638916,24.18944201571433,23.18946769481013
2020-06-02,23.346487045288086,23.982834150139254,24.19770466254144,23.164674262307454
2020-06-03,24.64397621154785,23.776231191927522,25.18941620838569,23.776231191927522
2020-06-04,25.726591110229492,24.520012231972544,25.90840548868646,23.96630781593258
2020-06-05,27.53646469116211,28.61908194480528,28.883537538395174,27.272009097572216
2020-06-06,29.47855567932129,28.643868455163858,29.503350554089472,27.990992448140048
2020-06-07,29.47855567932129,28.643868455163858,29.503350554089472,27.990992448140048
2020-06-08,29.47855567932129,28.643868455163858,29.503350554089472,27.990992448140048
2020-06-09,28.916595458984375,28.511646055418968,29.420711770075247,28.10669665185356
2020-06-10,26.404264450073242,28.51164637793011,28.610816439136713,26.37947114663174
2020-06-11,23.54482650756836,23.966303060896237,25.26378887095389,23.47871263114119
2020-06-12,24.503480911254883,25.247262488203393,25.429076848449885,23.445658784494086
2020-06-13,24.743146896362305,23.032448646166937,25.214208550615588,22.72667092560493
2020-06-14,24.743146896362305,23.032448646166937,25.214208550615588,22.72667092560493
2020-06-15,24.743146896362305,23.032448646166937,25.214208550615588,22.72667092560493
2020-06-16,25.78444480895996,26.693510490125135,26.875324887381872,25.25553206163447
2020-06-17,24.66876792907715,25.825761739762633,26.05716113241149,24.65223906325664
2020-06-18,24.6274471282959,24.305142108345102,25.296852044580696,24.08200713625017
2020-06-19,24.387781143188477,25.032392660975923,25.189412142160137,23.462185238899778
2020-06-20,23.842344284057617,24.048950384307197,24.247292051393263,23.503510405750657
2020-06-21,23.842344284057617,24.048950384307197,24.247292051393263,23.503510405750657
2020-06-22,23.842344284057617,24.048950384307197,24.247292051393263,23.503510405750657
2020-06-23,23.6605281829834,24.4373675046753,24.60265300334314,23.478715395472243
2020-06-24,22.4456844329834,23.49524369899437,23.65226476134765,22.263871649818068
2020-06-25,23.197738647460938,22.296935692693225,23.296910294638607,22.139916151058383
2020-06-26,21.52009391784668,22.528331202025957,22.53659563586508,21.321750658266893
2020-06-27,22.982860565185547,22.00767958706494,23.10682390152916,21.94156570259639
2020-06-28,22.982860565185547,22.00767958706494,23.10682390152916,21.94156570259639
2020-06-29,22.982860565185547,22.00767958706494,23.10682390152916,21.94156570259639
2020-06-30,23.644004821777344,22.635765949722163,23.801024337687906,22.635765949722163
2020-07-01,22.354780197143555,23.77623122531797,23.792760092222213,22.313459606162464
2020-07-02,22.189498901367188,23.230793996237704,23.69359129075359,22.098591698839538
2020-07-03,22.569650650024414,22.900220105422232,23.486982267997924,22.22255232778683
2020-07-04,22.569650650024414,22.900220105422232,23.486982267997924,22.22255232778683
2020-07-05,22.569650650024414,22.900220105422232,23.486982267997924,22.22255232778683
2020-07-06,22.569650650024414,22.900220105422232,23.486982267997924,22.22255232778683
2020-07-07,21.206052780151367,22.18123395322047,22.18123395322047,21.14820331671162
2020-07-08,21.073823928833008,21.082088362664532,21.69364227968104,20.520119472357585
2020-07-09,20.13996124267578,20.825893360821315,20.99944171029317,19.602784177100713
2020-07-10,21.25563621520996,20.164756197075448,21.31348725059064,20.12343560522593
2020-07-11,21.404388427734375,21.66884394378286,22.082056081678427,20.908533547003856
2020-07-12,21.404388427734375,21.66884394378286,22.082056081678427,20.908533547003856
2020-07-13,21.404388427734375,21.66884394378286,22.082056081678427,20.908533547003856
2020-07-14,20.83415985107422,21.28042981546912,21.37133701035243,20.54491255149926
2020-07-15,22.37957191467285,21.652319161396896,22.594442440392413,21.57794084186784
2020-07-16,22.09031867980957,22.09031867980957,22.825837296076045,21.87544819678738
2020-07-17,21.131669998168945,21.991152063362943,22.189493714650943,21.106878276932523
2020-07-18,20.726720809936523,20.858948568191366,21.098612365202772,20.4787941572785
2020-07-19,20.726720809936523,20.858948568191366,21.098612365202772,20.4787941572785
2020-07-20,20.726720809936523,20.858948568191366,21.098612365202772,20.4787941572785
2020-07-21,22.222551345825195,21.024236925923823,22.29692966703804,20.867215850443433
2020-07-22,22.02420997619629,21.850661608562586,22.280401099203903,21.644055508267535
2020-07-23,22.586177825927734,21.883716800623116,23.172939944574903,21.883716800623116
2020-07-24,22.396099090576172,22.76798908388219,23.131616221223446,22.354776929355985
2020-07-25,21.743227005004883,22.172968100609918,22.197761401760825,21.5448853246363
2020-07-26,21.743227005004883,22.172968100609918,22.197761401760825,21.5448853246363
2020-07-27,21.743227005004883,22.172968100609918,22.197761401760825,21.5448853246363
2020-07-28,21.80107879638672,21.561416498080778,22.04074267097238,21.495302597553653
2020-07-29,22.759729385375977,21.82586890387584,22.78452110926817,21.6109983645597
2020-07-30,22.63576316833496,21.966359864716086,22.693612622486302,21.47050492355124
2020-07-31,22.53659439086914,22.52832995748657,22.619237148415326,22.214287794066955
2020-08-01,22.693614959716797,22.536595446928583,23.07377103173149,22.230817702562863
2020-08-02,22.693614959716797,22.536595446928583,23.07377103173149,22.230817702562863
2020-08-03,22.693614959716797,22.536595446928583,23.07377103173149,22.230817702562863
2020-08-04,22.450414657592773,22.51750585778197,22.752324258653964,22.190434857226794
2020-08-05,23.414840698242188,22.844564954082504,23.481931868168054,22.551040485814468
2020-08-06,22.66006851196289,23.02906920987111,23.381298312114364,22.58459073294077
2020-08-07,23.725141525268555,22.42524773504771,23.741913120303625,22.38331634809021
2020-08-08,24.261871337890625,23.86770925613943,24.689578209819423,23.716755300970362
2020-08-09,24.261871337890625,23.86770925613943,24.689578209819423,23.716755300970362
2020-08-10,24.261871337890625,23.86770925613943,24.689578209819423,23.716755300970362
2020-08-11,24.75667381286621,25.083743173537716,25.771428290631746,24.630878027960264
2020-08-12,24.421218872070312,25.44435999145738,25.55338258303606,23.90126091329902
2020-08-13,24.102529525756836,24.035438344875157,24.270258277750994,23.674822647793665
2020-08-14,24.865690231323242,23.842549408436327,25.050192163023034,23.758685039443677
2020-08-15,24.664419174194336,24.697965564981033,24.798601538181213,24.421214239310608
2020-08-16,24.664419174194336,24.697965564981033,24.798601538181213,24.421214239310608
2020-08-17,24.664419174194336,24.697965564981033,24.798601538181213,24.421214239310608
2020-08-18,23.523868560791016,24.572169327307193,24.689580100871424,23.414845984888547
2020-08-19,23.666439056396484,23.448392290939292,24.178010375337593,23.297438314465975
2020-08-20,23.18002700805664,23.280664589671833,23.50709794862095,23.07939102602154
2020-08-21,22.98713493347168,23.129703875982578,23.448386547700018,22.802634607696294
2020-08-22,24.052213668823242,23.11293545376543,24.085758462443128,22.8026393145662
2020-08-23,24.052213668823242,23.11293545376543,24.085758462443128,22.8026393145662
2020-08-24,24.052213668823242,23.11293545376543,24.085758462443128,22.8026393145662
2020-08-25,24.077369689941406,24.320576219939163,24.488304971632783,23.741913786134095
2020-08-26,23.549034118652344,24.11092353101041,24.11931013114476,23.414851715663588
2020-08-27,23.892868041992188,23.565798753533507,24.127687961663455,23.314205639690044
2020-08-28,23.64127540588379,24.21155118403865,24.21155118403865,23.54063784520597
2020-08-29,23.06261444091797,23.666435043158707,23.666435043158707,22.978750068489568
2020-08-30,23.06261444091797,23.666435043158707,23.666435043158707,22.978750068489568
2020-08-31,23.06261444091797,23.666435043158707,23.666435043158707,22.978750068489568
2020-09-01,22.995529174804688,22.794255588979077,23.389689747098974,22.467186211959994
2020-09-02,23.280662536621094,22.88650204251326,23.398071705168118,22.63490891045256
2020-09-03,23.507095336914062,23.565799919842302,24.580554223784542,23.364526378554086
2020-09-04,24.630874633789062,24.261872329277846,24.84053477960089,24.043825585683948
2020-09-05,23.104549407958984,24.018667849975927,24.077372439899566,23.07100461353695
2020-09-06,23.104549407958984,24.018667849975927,24.077372439899566,23.07100461353695
2020-09-07,23.104549407958984,24.018667849975927,24.077372439899566,23.07100461353695
2020-09-08,23.104549407958984,24.018667849975927,24.077372439899566,23.07100461353695
2020-09-09,22.869728088378906,23.205183987083824,23.205183987083824,22.492339202598433
2020-09-10,22.45879554748535,22.92004723156673,23.398072111325973,22.442022351807488
2020-09-11,22.65168571472168,22.45879873578355,22.72716350640707,22.23236536072738
2020-09-12,23.163253784179688,22.802638074787197,23.347754138007947,22.727160293771096
2020-09-13,23.163253784179688,22.802638074787197,23.347754138007947,22.727160293771096
2020-09-14,23.163253784179688,22.802638074787197,23.347754138007947,22.727160293771096
2020-09-15,22.668455123901367,23.230344368320942,23.230344368320942,22.534272761017284
2020-09-16,22.85295867919922,22.58459391577998,23.221961028690753,22.299455954752
2020-09-17,23.11293601989746,22.374932946802467,23.238731798318415,22.21559077435987
2020-09-18,23.03746223449707,23.062622034383516,23.440011034778312,22.81103043384058
2020-09-19,21.351787567138672,22.207201309311053,22.70199936020018,21.22599180495565
2020-09-20,21.351787567138672,22.207201309311053,22.70199936020018,21.22599180495565
2020-09-21,21.351787567138672,22.207201309311053,22.70199936020018,21.22599180495565
2020-09-22,20.67249298095703,21.519520281786242,21.930454033748497,20.622174986727828
2020-09-23,20.144147872924805,20.823446320384225,21.393722192159554,20.127374676794936
2020-09-24,20.345420837402344,20.25316986094484,20.75635453318036,19.850622762988415
2020-09-25,20.747970581054688,20.05189886890234,20.789903575509758,20.05189886890234
2020-09-26,21.485973358154297,21.26792660530976,21.829815883906825,21.26792660530976
2020-09-27,21.485973358154297,21.26792660530976,21.829815883906825,21.26792660530976
2020-09-28,21.485973358154297,21.26792660530976,21.829815883906825,21.26792660530976
2020-09-29,21.502750396728516,21.477592195527947,21.678865803034714,21.13374958275633
2020-09-30,22.148500442504883,21.62854411170059,22.50072959545431,21.62854411170059
2020-10-01,22.131725311279297,22.19881649647577,22.509114227746977,21.762724592488713
2020-10-02,22.928434371948242,21.737564643500733,22.978752360592498,21.460813306587298
2020-10-03,24.119304656982422,23.238731037697377,24.19478244148057,23.079390470050225
2020-10-04,24.119304656982422,23.238731037697377,24.19478244148057,23.079390470050225
2020-10-05,24.119304656982422,23.238731037697377,24.19478244148057,23.079390470050225
2020-10-06,24.01028060913086,24.496692112088237,25.25146996114284,23.909644628976956
2020-10-07,24.597328186035156,24.345736651472137,25.083739659215635,24.102530115091913
2020-10-08,25.217920303344727,24.966328785950754,25.301784675669335,24.689577476985445
2020-10-09,25.285011291503906,25.469513229149182,25.58692238977447,24.9160090157932
2020-10-10,25.679174423217773,25.12567018691432,25.687559421113054,25.12567018691432
2020-10-11,25.679174423217773,25.12567018691432,25.687559421113054,25.12567018691432
2020-10-12,25.679174423217773,25.12567018691432,25.687559421113054,25.12567018691432
2020-10-13,24.605716705322266,25.377266164369118,25.494675343056652,24.479920928217037
2020-10-14,24.186389923095703,24.555392157034074,24.974712368461418,24.161230134561382
2020-10-15,24.194782257080078,23.834166533799593,24.396055814347783,23.809006739298614
2020-10-16,24.152847290039062,24.370894025799988,24.42959860858564,23.85932437611081
2020-10-17,23.708370208740234,24.2786460741846,24.530237615019463,23.699983610768406
2020-10-18,23.708370208740234,24.2786460741846,24.530237615019463,23.699983610768406
2020-10-19,23.708370208740234,24.2786460741846,24.530237615019463,23.699983610768406
2020-10-20,24.270259857177734,24.1193042904753,24.723124957705014,24.035439909020607
2020-10-21,24.72312355041504,24.345736254720624,24.840534317600362,24.24509868278748
2020-10-22,27.499027252197266,24.723125592315405,27.951893963929074,24.723125592315405
2020-10-23,28.295734405517578,27.868025920777523,28.41314357414115,27.742231754035082
2020-10-24,27.532575607299805,27.817710372973924,27.876418164968424,27.004231072632287
2020-10-25,27.532575607299805,27.817710372973924,27.876418164968424,27.004231072632287
2020-10-26,27.532575607299805,27.817710372973924,27.876418164968424,27.004231072632287
2020-10-27,26.056564331054688,27.5074122489092,27.616436427464784,26.031406135680378
2020-10-28,25.721105575561523,25.461127454529997,26.299767999413543,25.209534331316995
2020-10-29,26.702316284179688,25.528219788181783,26.870045040570805,25.05019491192106
2020-10-30,27.012611389160156,26.5094283380518,27.096477363784757,26.324926393037494
2020-10-31,27.79254913330078,27.557730787670295,27.94350469810896,27.03777450841992
2020-11-01,27.79254913330078,27.557730787670295,27.94350469810896,27.03777450841992
2020-11-02,27.79254913330078,27.557730787670295,27.94350469810896,27.03777450841992
2020-11-03,28.295734405517578,28.438301767657656,28.597642325195377,27.876414118056296
2020-11-04,25.98108673095703,27.28936728546863,27.28936728546863,25.9559285354034
2020-11-05,27.784164428710938,26.07333680889894,27.809322623391687,26.07333680889894
2020-11-06,27.113252639770508,28.102845623017885,28.295735779879728,27.09647944355817
2020-11-07,32.2845573425293,31.43541065778914,33.60073405602903,31.43541065778914
2020-11-08,32.2845573425293,31.43541065778914,33.60073405602903,31.43541065778914
2020-11-09,32.2845573425293,31.43541065778914,33.60073405602903,31.43541065778914
2020-11-10,32.980865478515625,32.70064544878029,33.43091229558813,31.851498555141102
2020-11-11,31.537303924560547,33.04878382252949,33.11671710475771,31.087257267128717
2020-11-12,30.857994079589844,30.781570739907455,31.138210832266676,30.297557334998288
2020-11-13,31.88545036315918,31.341997122527772,32.06377035038445,31.257083768392924
2020-11-14,32.90443420410156,33.28655086206122,33.7365975707484,32.666674167698915
2020-11-15,32.90443420410156,33.28655086206122,33.7365975707484,32.666674167698915
2020-11-16,32.90443420410156,33.28655086206122,33.7365975707484,32.666674167698915
2020-11-17,32.819515228271484,32.1826553201361,32.86197190763311,31.40993209450132
2020-11-18,32.68366241455078,33.08275921589501,33.61772261764005,32.65818580735661
2020-11-19,33.05727767944336,32.3015377172674,33.218614368695754,32.2845543964139
2020-11-20,32.31002426147461,32.666667482327604,33.09124074000595,31.758080970034896
2020-11-21,32.94689178466797,33.006331795381435,33.37146514075709,32.60723504333926
2020-11-22,32.94689178466797,33.006331795381435,33.37146514075709,32.60723504333926
2020-11-23,32.94689178466797,33.006331795381435,33.37146514075709,32.60723504333926
2020-11-24,34.07625961303711,33.96586962975384,34.806526328354856,33.90642961704079
2020-11-25,34.03380584716797,33.62621252607163,34.067769257894305,33.04879243362952
2020-11-26,33.736595153808594,33.914915168335476,34.08474514184373,33.28654847736343
2020-11-27,33.736595153808594,33.914915168335476,34.08474514184373,33.28654847736343
2020-11-28,32.13170623779297,33.388442768750764,33.7875426919574,32.097739597682384
2020-11-29,32.13170623779297,33.388442768750764,33.7875426919574,32.097739597682384
2020-11-30,32.13170623779297,33.388442768750764,33.7875426919574,32.097739597682384
2020-12-01,33.02330780029297,33.099731117022934,33.56676105737853,32.57326117912591
2020-12-02,33.77055358886719,32.84498385939395,33.86396021355734,32.666663888205406
2020-12-03,33.98284912109375,33.940392436691866,34.2885424315671,33.33749585693059
2020-12-04,34.662174224853516,34.50083748916743,35.05278099919129,34.110227475591486
2020-12-05,34.390438079833984,34.475351446064586,34.66216473885665,33.76206815632076
2020-12-06,34.390438079833984,34.475351446064586,34.66216473885665,33.76206815632076
2020-12-07,34.390438079833984,34.475351446064586,34.66216473885665,33.76206815632076
2020-12-08,34.322509765625,33.906429675911234,34.57725637968066,33.906429675911234
2020-12-09,34.16965866088867,34.704618656134116,34.98483857298966,33.982845382984976
2020-12-10,34.29703140258789,33.660171438719374,34.51781133736852,33.660171438719374
2020-12-11,34.85746765136719,35.154670908057525,35.57924421255466,34.297031019000464
2020-12-12,35.180145263671875,35.349975238116166,35.48583856982414,34.74707866687705
2020-12-13,35.180145263671875,35.349975238116166,35.48583856982414,34.74707866687705
2020-12-14,35.180145263671875,35.349975238116166,35.48583856982414,34.74707866687705
2020-12-15,36.521793365478516,35.80851010119096,36.606709967915826,35.33299008449071
2020-12-16,36.58123779296875,36.606711154907345,36.70011780099856,35.969851192544276
2020-12-17,35.99532699584961,36.547273629694715,36.725593653833904,35.23958697419901
2020-12-18,35.426395416259766,36.10571201442777,36.419895333723524,35.239582137049666
2020-12-19,35.60471725463867,35.715107219803365,35.77454722276038,34.90841730065316
2020-12-20,35.60471725463867,35.715107219803365,35.77454722276038,34.90841730065316
2020-12-21,35.60471725463867,35.715107219803365,35.77454722276038,34.90841730065316
2020-12-22,34.874454498291016,35.69812782885013,35.757567838350525,34.79803116618514
2020-12-23,36.38592529296875,35.44337542318278,36.53877191817442,35.21410548537427
2020-12-24,36.173641204833984,36.66614775145897,36.66614775145897,35.65566453787468
2020-12-25,36.18214416503906,36.41141418023494,36.657664280196876,35.98684079785098
2020-12-26,36.18214416503906,36.41141418023494,36.657664280196876,35.98684079785098
2020-12-27,36.18214416503906,36.41141418023494,36.657664280196876,35.98684079785098
2020-12-28,36.18214416503906,36.41141418023494,36.657664280196876,35.98684079785098
2020-12-29,35.40092849731445,36.08873856311357,36.08873856311357,35.22260844889029
2020-12-30,35.766048431396484,35.51130513808726,36.088724997181096,35.434881826170816
2020-12-31,35.791526794433594,35.69812015978888,36.0887267780878,35.341476940166956
2021-01-01,35.60471725463867,35.1971272746889,35.99532391385255,34.87445065918138
2021-01-02,35.60471725463867,35.1971272746889,35.99532391385255,34.87445065918138
2021-01-03,35.60471725463867,35.1971272746889,35.99532391385255,34.87445065918138
2021-01-04,35.60471725463867,35.1971272746889,35.99532391385255,34.87445065918138
2021-01-05,36.003822326660156,35.596229049365355,36.377445718403095,35.31601231536757
2021-01-06,39.026771545410156,37.073735284151724,39.88441130642485,36.96334533447684
2021-01-07,39.90988540649414,39.9523420835473,40.75903190450465,39.799495454766465
2021-01-08,40.52976608276367,41.54024935202593,41.54024935202593,39.629669537217374
2021-01-09,41.09868240356445,39.8674196150889,41.26850907295191,39.8674196150889
2021-01-10,41.09868240356445,39.8674196150889,41.26850907295191,39.8674196150889
2021-01-11,41.09868240356445,39.8674196150889,41.26850907295191,39.8674196150889
2021-01-12,42.53376007080078,41.45534332902051,42.97531676155443,41.243056645344964
2021-01-13,42.97531509399414,42.10069502774464,43.10268515571452,41.786508415844985
2021-01-14,44.35942077636719,43.37441082846196,44.707570760387895,43.1111742105976
2021-01-15,43.79897689819336,43.340437022571535,44.52924014844987,42.915863783492824
2021-01-16,44.181095123291016,44.28299504422483,44.3679084057659,43.28949187016132
2021-01-17,44.181095123291016,44.28299504422483,44.3679084057659,43.28949187016132
2021-01-18,44.181095123291016,44.28299504422483,44.3679084057659,43.28949187016132
2021-01-19,44.181095123291016,44.28299504422483,44.3679084057659,43.28949187016132
2021-01-20,44.002777099609375,44.29148707676618,44.90287367291876,43.45083050705638
2021-01-21,41.69309616088867,43.95182595462901,44.393382568946905,41.44684611227289
2021-01-22,43.034751892089844,42.12616524816535,43.18759854613671,42.12616524816535
2021-01-23,43.24703598022461,42.66112600070795,43.48479598827708,41.95633277792789
2021-01-24,43.24703598022461,42.66112600070795,43.48479598827708,41.95633277792789
2021-01-25,43.24703598022461,42.66112600070795,43.48479598827708,41.95633277792789
2021-01-26,42.78000259399414,43.62914911418088,43.705572430567166,42.41486933117489
2021-01-27,40.69959259033203,41.66761909599655,42.49978228927371,40.28350937407501
2021-01-28,40.614681243896484,41.29399783943712,41.506284477995884,40.27502132650764
2021-01-29,39.697601318359375,40.78450786870192,41.0986944252904,39.536264639554474
2021-01-30,40.63166809082031,40.06274135957357,40.75904139086178,39.67213465699483
2021-01-31,40.63166809082031,40.06274135957357,40.75904139086178,39.67213465699483
2021-02-01,40.63166809082031,40.06274135957357,40.75904139086178,39.67213465699483
2021-02-02,40.94585037231445,41.1156771021016,41.40438707767187,40.393903782794524
2021-02-03,40.894901275634766,40.945851239191924,41.47232123900005,40.09670461532971
2021-02-04,42.185604095458984,41.15813746864994,42.32995746518577,40.92037421375101
2021-02-05,42.1346549987793,42.457331626124294,42.457331626124294,41.69309836115912
2021-02-06,43.25608825683594,42.34867980533706,43.30745229327583,42.06618250326177
2021-02-07,43.25608825683594,42.34867980533706,43.30745229327583,42.06618250326177
2021-02-08,43.25608825683594,42.34867980533706,43.30745229327583,42.06618250326177
2021-02-09,43.72691345214844,43.23896331051172,43.96660573778141,42.862303538008135
2021-02-10,43.11054229736328,43.83818119186638,44.317568852653686,43.04205694629597
2021-02-11,42.528438568115234,43.11055110892283,43.923796858483016,42.20313961517877
2021-02-12,42.75957489013672,42.297308438974504,43.050631181731944,42.28018709646159
2021-02-13,43.393043518066406,43.435848502476475,43.65841939982445,42.887975398308704
2021-02-14,43.393043518066406,43.435848502476475,43.65841939982445,42.887975398308704
2021-02-15,43.393043518066406,43.435848502476475,43.65841939982445,42.887975398308704
2021-02-16,43.393043518066406,43.435848502476475,43.65841939982445,42.887975398308704
2021-02-17,43.393043518066406,43.127670901870175,43.752585140627694,42.75100793865722
2021-02-18,42.20314407348633,42.819499361937886,43.30744621010793,42.083297937523476
2021-02-19,44.41173553466797,42.725321282247855,44.45453724722678,42.725321282247855
2021-02-20,46.56898498535156,44.34325954135019,47.082612175587705,44.34325954135019
2021-02-21,46.56898498535156,44.34325954135019,47.082612175587705,44.34325954135019
2021-02-22,46.56898498535156,44.34325954135019,47.082612175587705,44.34325954135019
2021-02-23,47.253822326660156,46.66314746578111,47.433591516683336,45.96118878187554
2021-02-24,49.00015640258789,46.65458500406828,49.171363276391915,46.65458500406828
2021-02-25,47.93866729736328,49.744928319807514,49.976061571858736,47.72465538978577
2021-02-26,47.34798812866211,47.46783425548385,48.469408257261584,46.5004996716823
2021-02-27,49.162811279296875,48.5122133096501,49.69355984833126,48.007148387813785
2021-02-28,49.162811279296875,48.5122133096501,49.69355984833126,48.007148387813785
2021-03-01,49.162811279296875,48.5122133096501,49.69355984833126,48.007148387813785
2021-03-02,49.08576202392578,48.9659159007048,49.41106097664126,48.89743053568599
2021-03-03,49.27409744262695,49.68499986883058,50.72081660564985,49.21417437623656
2021-03-04,48.5036506652832,49.12856494127688,49.88188764702848,47.57055877032014
2021-03-05,50.729373931884766,49.68499819178773,50.755057577729595,48.726222630779105
2021-03-06,51.92784118652344,51.36284996750339,53.117746688280675,50.91770487591758
2021-03-07,51.92784118652344,51.36284996750339,53.117746688280675,50.91770487591758
2021-03-08,51.92784118652344,51.36284996750339,53.117746688280675,50.91770487591758
2021-03-09,50.96049880981445,50.89201671841573,51.83366751768873,49.231282733305974
2021-03-10,52.06480407714844,51.14027455713032,52.1589698162977,51.03754651502471
2021-03-11,51.96208190917969,51.69670601876058,52.43290736300037,51.0632327217835
2021-03-12,53.39167404174805,53.074937426303165,53.58856454678469,52.56986934275297
2021-03-13,52.06480407714844,53.759777585149806,53.759777585149806,51.705265726464106
2021-03-14,52.06480407714844,53.759777585149806,53.759777585149806,51.705265726464106
2021-03-15,52.06480407714844,53.759777585149806,53.759777585149806,51.705265726464106
2021-03-16,51.551170349121094,51.936389028383466,52.176084497141204,50.39550451464993
2021-03-17,52.71540832519531,52.39010935029982,52.89517752228408,51.79087542777511
2021-03-18,52.00487518310547,53.28894617528091,54.62438118274548,51.74806163778266
2021-03-19,51.43989562988281,51.362851222426684,52.15897567761927,50.506803702052906
2021-03-20,49.64219284057617,50.96906572903614,50.96906572903614,49.05151801275535
2021-03-21,49.64219284057617,50.96906572903614,50.96906572903614,49.05151801275535
2021-03-22,49.64219284057617,50.96906572903614,50.96906572903614,49.05151801275535
2021-03-23,47.724647521972656,48.95735473079438,49.40249981703717,47.185336689429775
2021-03-24,47.21958541870117,48.555020848417946,49.274100962025074,47.20246407485785
2021-03-25,48.794708251953125,47.03981150302162,49.04296281451376,46.16664264769816
2021-03-26,49.43674087524414,49.702116763769816,50.241424313022456,48.40948326887994
2021-03-27,47.35654067993164,48.614931370311375,49.222724224831026,46.90283661466508
2021-03-28,47.35654067993164,48.614931370311375,49.222724224831026,46.90283661466508
2021-03-29,47.35654067993164,48.614931370311375,49.222724224831026,46.90283661466508
2021-03-30,48.33243942260742,48.169791578740984,48.63205799675542,47.6390430611477
2021-03-31,47.17677688598633,48.03282436128113,48.5721351850742,47.12541286186633
2021-04-01,48.118431091308594,47.17678011035062,48.15267377639562,46.49194273642099
2021-04-02,47.570556640625,48.794704758081465,49.06863968144329,47.339423436745605
2021-04-03,47.570556640625,48.794704758081465,49.06863968144329,47.339423436745605
2021-04-04,47.570556640625,48.794704758081465,49.06863968144329,47.339423436745605
2021-04-05,47.570556640625,48.794704758081465,49.06863968144329,47.339423436745605
2021-04-06,47.87873458862305,47.35654511673746,48.17834989270728,47.22813669180884
2021-04-07,47.98145294189453,48.17834343899864,48.3837962382507,47.596230984272815
2021-04-08,47.88729476928711,47.57912042011461,48.075626259527496,46.67170891734779
2021-04-09,48.3067626953125,48.37524480006839,48.41804978929829,47.76745183352531
2021-04-10,48.64917755126953,48.55501181044042,49.094319346087815,48.306757269265816
2021-04-11,48.64917755126953,48.55501181044042,49.094319346087815,48.306757269265816
2021-04-12,48.64917755126953,48.55501181044042,49.094319346087815,48.306757269265816
2021-04-13,47.13397216796875,47.98145728590224,48.272513539615964,46.91996031275459
2021-04-14,48.73478698730469,47.091174003176235,49.14568941694624,47.091174003176235
2021-04-15,48.19546890258789,48.87174714545243,48.87174714545243,47.11685059449399
2021-04-16,49.11143493652344,48.90598540382576,49.58226031998051,48.520763448065814
2021-04-17,46.32072448730469,43.72690195783626,47.18533090860696,43.658416599622186
2021-04-18,46.32072448730469,43.72690195783626,47.18533090860696,43.658416599622186
2021-04-19,46.32072448730469,43.72690195783626,47.18533090860696,43.658416599622186
2021-04-20,43.2732048034668,45.601655281520856,45.83278852152438,42.81093832345976
2021-04-21,43.658424377441406,42.785255498025116,43.99228239430836,42.52844189009378
2021-04-22,43.29888153076172,44.12924533557295,44.24053241828196,42.66540498175878
2021-04-23,45.64445495605469,43.41873263953053,45.95263259554066,43.281765162599235
2021-04-24,46.01254653930664,46.22655838367551,46.77442818276996,45.85845775011613
2021-04-25,46.01254653930664,46.22655838367551,46.77442818276996,45.85845775011613
2021-04-26,46.01254653930664,46.22655838367551,46.77442818276996,45.85845775011613
2021-04-27,46.560428619384766,46.14952616168249,46.62891399511637,45.798546774964144
2021-04-28,46.39777374267578,46.55186254923663,46.979886286225224,46.12383881224804
2021-04-29,46.50050354003906,47.28806899912523,47.28806899912523,46.14952416847955
2021-04-30,45.29346466064453,46.166633339926236,47.108284108364174,45.16505625332961
2021-05-01,45.370521545410156,45.95263415855852,46.21801008282279,44.83121065796575
2021-05-02,45.370521545410156,45.95263415855852,46.21801008282279,44.83121065796575
2021-05-03,45.370521545410156,45.95263415855852,46.21801008282279,44.83121065796575
2021-05-04,47.16463851928711,45.172129756626866,47.181890061997045,44.602842008780414
2021-05-05,47.77705764770508,47.17326676175237,48.182460710775366,46.72473648334166
2021-05-06,47.93231201171875,48.061696931282306,48.22558164438698,47.225015243000406
2021-05-07,48.173824310302734,46.957618638278255,48.260082015294365,46.6212218147984
2021-05-08,47.70804977416992,48.794870622959564,49.200273643651826,47.578664851278056
2021-05-09,47.70804977416992,48.794870622959564,49.200273643651826,47.578664851278056
2021-05-10,47.70804977416992,48.794870622959564,49.200273643651826,47.578664851278056
2021-05-11,47.5872802734375,47.07837467214446,48.25144972803974,46.94036235809184
2021-05-12,45.81903839111328,48.518843398415626,48.82936452262863,45.75865964922683
2021-05-13,47.72529602050781,45.689660307327856,47.966811006683436,45.689660307327856
2021-05-14,48.570613861083984,47.90644419326656,48.838004579413415,47.71668049091995
2021-05-15,49.69192123413086,48.50159136686339,49.786803053387665,48.044437099965606
2021-05-16,49.69192123413086,48.50159136686339,49.786803053387665,48.044437099965606
2021-05-17,49.69192123413086,48.50159136686339,49.786803053387665,48.044437099965606
2021-05-18,49.183013916015625,49.73505001974447,50.20945584073677,49.13988671236082
2021-05-19,49.34690475463867,48.510226370223016,49.43316246309064,47.63041748638381
2021-05-20,48.803497314453125,49.31240300126734,49.31240300126734,48.070321579615005
2021-05-21,49.31239318847656,49.079505641705715,49.855805141862525,48.81211172709478
2021-05-22,48.77761459350586,49.58842056030453,49.58842056030453,48.527472187136276
2021-05-23,48.77761459350586,49.58842056030453,49.58842056030453,48.527472187136276
2021-05-24,48.77761459350586,49.58842056030453,49.58842056030453,48.527472187136276
2021-05-25,47.21638488769531,48.8811173380449,49.63154450787322,47.12150306458634
2021-05-26,48.30321502685547,47.32852423089571,48.363593782407406,47.0093789100647
2021-05-27,49.38140869140625,49.43316331737183,49.484914652942216,48.82074509316234
2021-05-28,48.88973617553711,49.65741145997651,49.743665852909004,48.303197090492446
2021-05-29,49.89031982421875,49.493544212485595,49.9938257902371,49.2002745667708
2021-05-30,49.89031982421875,49.493544212485595,49.9938257902371,49.2002745667708
2021-05-31,49.89031982421875,49.493544212485595,49.9938257902371,49.2002745667708
2021-06-01,49.89031982421875,49.493544212485595,49.9938257902371,49.2002745667708
2021-06-02,49.096763610839844,50.16633619065669,50.16633619065669,49.079515359096625
2021-06-03,49.114009857177734,49.09675831689947,49.56254003322804,48.837991793515215
2021-06-04,48.84662628173828,49.12264438536762,49.12264438536762,48.173829275045826
2021-06-05,49.39002990722656,49.252020869844806,49.50216327834768,48.837993757699536
2021-06-06,49.39002990722656,49.252020869844806,49.50216327834768,48.837993757699536
2021-06-07,49.39002990722656,49.252020869844806,49.50216327834768,48.837993757699536
2021-06-08,49.96794509887695,48.88112104854104,50.06282692918826,48.22557894245517
2021-06-09,49.38140869140625,49.94207228965016,49.94207228965016,48.97600568066388
2021-06-10,49.062259674072266,50.028322919482726,50.0887016666712,48.92425063901363
2021-06-11,49.252017974853516,49.29514846994608,49.86443612698296,48.87249396696053
2021-06-12,47.86330795288086,49.424534622919936,49.64017395660667,47.5700383274511
2021-06-13,47.86330795288086,49.424534622919936,49.64017395660667,47.5700383274511
2021-06-14,47.86330795288086,49.424534622919936,49.64017395660667,47.5700383274511
2021-06-15,48.579227447509766,47.958185131235815,49.165766681680715,47.51828235080511
2021-06-16,49.53667068481445,48.1565801905158,49.760934156239756,47.414780315932035
2021-06-17,46.13819885253906,49.90757393905826,49.942077026307686,46.01743804716607
2021-06-18,44.85298156738281,45.25838456909137,45.90530257246708,44.39582723125708
2021-06-19,47.1042594909668,45.54302943395147,47.1560108284002,45.2238841216627
2021-06-20,47.1042594909668,45.54302943395147,47.1560108284002,45.2238841216627
2021-06-21,47.1042594909668,45.54302943395147,47.1560108284002,45.2238841216627
2021-06-22,46.957618713378906,47.01799746177212,47.30264295310724,46.267573524317264
2021-06-23,47.30263900756836,47.34576621133838,47.65628734311414,47.00936941537956
2021-06-24,48.08757019042969,47.53553403667989,48.32046105974195,47.22501287759687
2021-06-25,49.32102966308594,48.44122076897563,49.510793333500466,47.90643613191081
2021-06-26,47.259521484375,48.76899695828794,49.05363919379163,46.99212750159665
2021-06-27,47.259521484375,48.76899695828794,49.05363919379163,46.99212750159665
2021-06-28,47.259521484375,48.76899695828794,49.05363919379163,46.99212750159665
2021-06-29,46.56946563720703,47.751168104292965,48.372210354040746,46.37107458156398
2021-06-30,46.00880432128906,46.267570840879806,46.81098283529673,45.92254991155709
2021-07-01,46.86274337768555,46.47459190404911,47.17326126619947,46.20719793545618
2021-07-02,45.922542572021484,46.78509969306296,46.78509969306296,45.5085122583746
2021-07-03,44.17156219482422,45.71554067915468,45.71554067915468,44.016301604757736
2021-07-04,44.17156219482422,45.71554067915468,45.71554067915468,44.016301604757736
2021-07-05,44.17156219482422,45.71554067915468,45.71554067915468,44.016301604757736
2021-07-06,44.17156219482422,45.71554067915468,45.71554067915468,44.016301604757736
2021-07-07,43.58502197265625,43.679903807902654,44.36994903188312,43.265876673514384
2021-07-08,42.282562255859375,42.53270468039089,42.94673181906623,41.859907700947666
2021-07-09,44.33544921875,43.42976136663383,44.361324886389255,42.86047364580391
2021-07-10,44.404449462890625,43.71440428013453,44.44757666986382,43.04161063824671
2021-07-11,44.404449462890625,43.71440428013453,44.44757666986382,43.04161063824671
2021-07-12,44.404449462890625,43.71440428013453,44.44757666986382,43.04161063824671
2021-07-13,43.07611083984375,44.059428936330626,44.197437974196234,42.63620805989555
2021-07-14,42.71384048461914,43.31763128936296,43.93867034560659,42.02379526079556
2021-07-15,43.00710678100586,42.06691920820571,43.38663080207939,41.859904011914296
2021-07-16,41.316497802734375,43.300379021881355,43.41251239712215,41.21298855309897
2021-07-17,39.6862678527832,39.77252557425066,40.574704286722,39.33261942075573
2021-07-18,39.6862678527832,39.77252557425066,40.574704286722,39.33261942075573
2021-07-19,39.6862678527832,39.77252557425066,40.574704286722,39.33261942075573
2021-07-20,40.88521194458008,39.69488210623959,41.79089633206748,39.55687308805479
2021-07-21,41.65288543701172,41.44587027386531,42.334306373142084,41.44587027386531
2021-07-22,40.7989616394043,41.7218977325851,41.7218977325851,40.031286131094575
2021-07-23,41.27336120605469,41.48037638434726,41.739142889417,40.73857665685794
2021-07-24,41.53213882446289,41.48038419754265,42.12730222726702,41.195738685074204
2021-07-25,41.53213882446289,41.48038419754265,42.12730222726702,41.195738685074204
2021-07-26,41.53213882446289,41.48038419754265,42.12730222726702,41.195738685074204
2021-07-27,41.07497787475586,41.14398403843116,41.54075960837917,40.514317601671486
2021-07-28,41.54076385498047,41.43725788928137,42.049672847727756,40.583324623676646
2021-07-29,41.73914337158203,42.11004323961128,42.144546318124384,41.1353526591813
2021-07-30,41.48899459838867,41.55800074478751,42.2825488300045,41.15259786067974
2021-07-31,41.34114074707031,41.52379927084158,42.924159166505376,41.0193191962148
2021-08-01,41.34114074707031,41.52379927084158,42.924159166505376,41.0193191962148
2021-08-02,41.34114074707031,41.52379927084158,42.924159166505376,41.0193191962148
2021-08-03,42.2457275390625,41.4629147022102,42.25442730279847,40.50614640649089
2021-08-04,42.02827072143555,41.59337553324355,42.48056211531366,41.30634643439006
2021-08-05,42.5936393737793,41.96738918838325,42.750201920128305,41.96738918838325
2021-08-06,44.13317108154297,43.48952465670921,44.62025163418617,43.23728461738332
2021-08-07,44.15926742553711,43.88093470990933,44.71593285679267,43.48952829168661
2021-08-08,44.15926742553711,43.88093470990933,44.71593285679267,43.48952829168661
2021-08-09,44.15926742553711,43.88093470990933,44.71593285679267,43.48952829168661
2021-08-10,44.83769607543945,44.089675773551384,44.87248848901266,43.55040663511539
2021-08-11,45.13343048095703,44.97686791869531,45.229107971004474,44.20275487083883
2021-08-12,44.74201965332031,45.22910350088215,45.50743618006398,44.26363556835074
2021-08-13,43.967899322509766,44.92467065028928,44.985555706295,43.83743276734895
2021-08-14,44.04618835449219,43.80264808749805,44.19405445801526,43.237282961419034
2021-08-15,44.04618835449219,43.80264808749805,44.19405445801526,43.237282961419034
2021-08-16,44.04618835449219,43.80264808749805,44.19405445801526,43.237282961419034
2021-08-17,42.78499221801758,43.55910852692241,43.55910852692241,42.21963040075712
2021-08-18,42.497955322265625,42.60232923103053,43.428630693887364,42.2283191301373
2021-08-19,41.158485412597656,41.880413106515846,42.358797208829614,40.68010131028389
2021-08-20,42.35879135131836,41.1584797210694,42.393583762163125,40.89754327570751
2021-08-21,42.811092376708984,42.663226256322034,43.07202888081738,42.3761970971991
2021-08-22,42.811092376708984,42.663226256322034,43.07202888081738,42.3761970971991
2021-08-23,42.811092376708984,42.663226256322034,43.07202888081738,42.3761970971991
2021-08-24,43.52430725097656,42.958942230825684,43.59388874937195,42.924149822634654
2021-08-25,43.88093185424805,43.66348422694056,44.6376486682416,43.41994062812469
2021-08-26,43.1416015625,44.028788149115876,44.072277004560505,43.11550891283062
2021-08-27,44.78550338745117,43.26337038350497,44.8202924773001,43.26337038350497
2021-08-28,43.48952102661133,44.86379148368607,44.96816540511354,43.446032169182146
2021-08-29,43.48952102661133,44.86379148368607,44.96816540511354,43.446032169182146
2021-08-30,43.48952102661133,44.86379148368607,44.96816540511354,43.446032169182146
2021-08-31,43.94181442260742,43.5938969115293,44.368009889791466,43.219886748415874
2021-09-01,43.39385223388672,43.994009867675274,43.994009867675274,43.063330878900835
2021-09-02,43.593902587890625,43.315569869981346,43.89833127922046,43.098122226740486
2021-09-03,43.245975494384766,43.75045215139138,43.959203286764726,43.01982815456474
2021-09-04,43.03722381591797,43.39383770760779,44.14185789944171,42.9763387601163
2021-09-05,43.03722381591797,43.39383770760779,44.14185789944171,42.9763387601163
2021-09-06,43.03722381591797,43.39383770760779,44.14185789944171,42.9763387601163
2021-09-07,43.03722381591797,43.39383770760779,44.14185789944171,42.9763387601163
2021-09-08,42.35010528564453,42.69802287063492,42.915470531756924,42.18484625766749
2021-09-09,42.80239486694336,42.184844333837255,43.12421977967852,42.097866600550255
2021-09-10,42.271820068359375,43.13291418633155,43.15031039576396,42.228331203772186
2021-09-11,42.950252532958984,42.784990227091065,43.324262684782866,42.437076044502064
2021-09-12,42.950252532958984,42.784990227091065,43.324262684782866,42.437076044502064
2021-09-13,42.950252532958984,42.784990227091065,43.324262684782866,42.437076044502064
2021-09-14,41.87171936035156,42.906772307930325,43.02854246223657,41.523805107760566
2021-09-15,42.898067474365234,41.793433134001724,42.941556336051406,41.793433134001724
2021-09-16,42.68061828613281,43.16770214596143,43.42863862451745,42.47187043048294
2021-09-17,42.35010528564453,42.889377874178436,43.393854722627715,42.21093891524597
2021-09-18,40.871456146240234,40.94103765933979,41.16718504238494,39.9407772793831
2021-09-19,40.871456146240234,40.94103765933979,41.16718504238494,39.9407772793831
2021-09-20,40.871456146240234,40.94103765933979,41.16718504238494,39.9407772793831
2021-09-21,41.1497917175293,41.04541446358633,41.393332007421016,40.63661516526632
2021-09-22,42.08915710449219,41.749939377924484,42.52405230634557,41.61077304605089
2021-09-23,44.263633728027344,42.593637722368804,44.307122585218785,42.48056403928136
2021-09-24,44.9246826171875,44.107077387913726,45.142130251698596,43.941818380160825
2021-09-25,47.33399963378906,45.71619201514438,47.690616940755675,45.54223324340124
2021-09-26,47.33399963378906,45.71619201514438,47.690616940755675,45.54223324340124
2021-09-27,47.33399963378906,45.71619201514438,47.690616940755675,45.54223324340124
2021-09-28,47.012168884277344,47.62971925130906,47.87326281139597,46.916491412598944
2021-09-29,47.49925231933594,47.27310496657366,47.64711508861465,46.75123207525397
2021-09-30,47.3687858581543,47.86456613610586,47.977639820652385,47.2035268714995
2021-10-01,48.76914978027344,47.60363045616364,49.03008624907681,47.53404894621011
2021-10-02,48.969200134277344,48.76914873521535,49.40409534562614,48.36904593709137
2021-10-03,48.969200134277344,48.76914873521535,49.40409534562614,48.36904593709137
2021-10-04,48.969200134277344,48.76914873521535,49.40409534562614,48.36904593709137
2021-10-05,48.95179748535156,49.45627745675779,49.647632386323835,48.690861056480315
2021-10-06,48.525611877441406,48.40384174061267,48.56040429310315,47.046967391691005
2021-10-07,49.07358169555664,49.108374114197815,49.38670682735187,48.69957480812086
2021-10-08,49.14316177368164,48.8126404645744,49.46498331997726,48.62128881655429
2021-10-09,48.72565841674805,49.47367868871821,49.647637431639396,48.67346979847558
2021-10-10,48.72565841674805,49.47367868871821,49.647637431639396,48.67346979847558
2021-10-11,48.72565841674805,49.47367868871821,49.647637431639396,48.67346979847558
2021-10-12,49.169254302978516,48.429933729235465,49.24753557815026,48.290767386484276
2021-10-13,49.056182861328125,49.056182861328125,49.21274540825902,47.90805972915973
2021-10-14,49.74331283569336,49.647638676774946,49.76940880447759,48.84742976646351
2021-10-15,49.560665130615234,50.43045568043576,50.569622035687544,49.55196868503159
2021-10-16,49.62154769897461,49.282329932544926,50.308682994966134,49.23884107084656
2021-10-17,49.62154769897461,49.282329932544926,50.308682994966134,49.23884107084656
2021-10-18,49.62154769897461,49.282329932544926,50.308682994966134,49.23884107084656
2021-10-19,49.62154769897461,49.82159911717705,49.85639153373073,49.2562372791234
2021-10-20,50.97842025756836,49.48237957919566,51.03930532536377,49.09967296476915
2021-10-21,49.9781494140625,50.89142855765101,50.89142855765101,49.647631491840876
2021-10-22,50.56961441040039,49.978156660268105,50.58701061693218,49.673731340929635
2021-10-23,51.12628173828125,50.691386512013494,51.187166804519755,50.57831614213471
2021-10-24,51.12628173828125,50.691386512013494,51.187166804519755,50.57831614213471
2021-10-25,51.12628173828125,50.691386512013494,51.187166804519755,50.57831614213471
2021-10-26,50.256500244140625,51.20457213912091,51.20457213912091,50.12603364379653
2021-10-27,48.02983856201172,49.899886383344125,49.899886383344125,47.98634637710689
2021-10-28,48.94310760498047,48.22987972203497,48.96050381163611,48.168994657733805
2021-10-29,48.67346954345703,49.03878323347621,49.204042213492606,48.61258448145167
2021-10-30,50.62179946899414,49.18664405195566,50.665288323270815,48.94310381361678
2021-10-31,50.62179946899414,49.18664405195566,50.665288323270815,48.94310381361678
2021-11-01,50.62179946899414,49.18664405195566,50.665288323270815,48.94310381361678
2021-11-02,50.02164840698242,50.64789860635209,50.77836850388322,49.786807900206114
2021-11-03,51.49159622192383,49.717222875961845,51.76122914272075,49.717222875961845
2021-11-04,50.29998016357422,51.19586320916868,51.19586320916868,49.934666472116945
2021-11-05,51.05670166015625,51.0480018973139,51.561178411429815,50.50003628579066
2021-11-06,51.10049057006836,51.371976819713964,51.914945978252696,50.61882421939275
2021-11-07,51.10049057006836,51.371976819713964,51.914945978252696,50.61882421939275
2021-11-08,51.10049057006836,51.371976819713964,51.914945978252696,50.61882421939275
2021-11-09,51.22309494018555,50.62757913933377,51.42451891095127,50.16342505467589
2021-11-10,51.05670166015625,51.345703465575724,51.71352030074338,50.793974872071864
2021-11-11,51.24937057495117,51.100489942859184,51.65221854760784,51.047946588622835
2021-11-12,51.030426025390625,51.21433442870958,51.442033410606264,50.44366634812033
2021-11-13,51.40700149536133,51.44203262138524,51.669728259036525,51.021665790602455
2021-11-14,51.40700149536133,51.44203262138524,51.669728259036525,51.021665790602455
2021-11-15,51.40700149536133,51.44203262138524,51.669728259036525,51.021665790602455
2021-11-16,51.696006774902344,51.4245238641677,52.203948147216494,50.90782637956477
2021-11-17,51.196815490722656,51.477057803236725,51.529604489615075,50.671361989946746
2021-11-18,50.93410110473633,51.35446467555192,51.54713256495799,50.61007147862377
2021-11-19,49.935726165771484,50.084603435939584,50.29478684525262,49.252635931820045
2021-11-20,50.68013381958008,50.67137770617717,51.538376585440915,50.41740698770479
2021-11-21,50.68013381958008,50.67137770617717,51.538376585440915,50.41740698770479
2021-11-22,50.68013381958008,50.67137770617717,51.538376585440915,50.41740698770479
2021-11-23,52.24772644042969,50.99539213024453,52.31778868974865,50.9340893324664
2021-11-24,51.77482223510742,52.04630847131784,52.457915881531505,51.69600386593358
2021-11-25,48.7972526550293,49.39276855542792,49.50661472700948,47.825160425238806
2021-11-26,48.7972526550293,49.39276855542792,49.50661472700948,47.825160425238806
2021-11-27,48.368125915527344,49.74306604871573,49.891946682770886,48.06161187593215
2021-11-28,48.368125915527344,49.74306604871573,49.891946682770886,48.06161187593215
2021-11-29,48.368125915527344,49.74306604871573,49.891946682770886,48.06161187593215
2021-11-30,47.194610595703125,47.29970064814966,47.84267315742057,46.78300315755478
2021-12-01,46.07364273071289,48.49073406560004,49.06873438529605,46.06488327726525
2021-12-02,47.92148208618164,46.73920670137341,48.192964946552806,46.08238815673058
2021-12-03,46.634117126464844,47.90396699336403,48.28054322990831,46.204994203163714
2021-12-04,48.20173263549805,48.079127020732095,48.92861021193296,47.518638960619604
2021-12-05,48.20173263549805,48.079127020732095,48.92861021193296,47.518638960619604
2021-12-06,48.20173263549805,48.079127020732095,48.92861021193296,47.518638960619604
2021-12-07,47.92148208618164,48.6483595383954,49.033695222667056,47.7025425713007
2021-12-08,47.4748420715332,47.92148053828465,48.42066234882913,47.194599768797765
2021-12-09,47.448577880859375,47.11578884110825,48.07912483180841,46.774243689594954
2021-12-10,47.59745788574219,47.842672458873786,47.88645970169113,46.41518562591148
2021-12-11,45.82842254638672,47.247149719659085,47.378511428974825,45.810906983660885
2021-12-12,45.82842254638672,47.247149719659085,47.378511428974825,45.810906983660885
2021-12-13,45.82842254638672,47.247149719659085,47.378511428974825,45.810906983660885
2021-12-14,46.24879455566406,45.94227716258254,47.185855619358264,45.94227716258254
2021-12-15,46.67790985107422,46.41518306789696,47.10703282484051,45.39054761127996
2021-12-16,47.08951950073242,47.255912358485006,48.19297337887278,46.80051768696206
2021-12-17,45.89848327636719,46.721694712608794,46.73045416469501,45.28545191966499
2021-12-18,45.30297088623047,45.26793975675833,45.460607628102714,43.919274679604754
2021-12-19,45.30297088623047,45.26793975675833,45.460607628102714,43.919274679604754
2021-12-20,45.30297088623047,45.26793975675833,45.460607628102714,43.919274679604754
2021-12-21,47.2384033203125,46.012343657501056,47.325981158140195,46.012343657501056
2021-12-22,47.8776969909668,46.809274307761115,47.95651535897603,46.809274307761115
2021-12-23,48.41190719604492,48.30681715837644,48.92860461398037,48.02657483075912
2021-12-24,49.217613220214844,48.62209735623927,49.23512878571442,47.974034795764965
2021-12-25,49.217613220214844,48.62209735623927,49.23512878571442,47.974034795764965
2021-12-26,49.217613220214844,48.62209735623927,49.23512878571442,47.974034795764965
2021-12-27,49.217613220214844,48.62209735623927,49.23512878571442,47.974034795764965
2021-12-28,49.19133377075195,48.989909796778555,49.76057790558059,48.989909796778555
2021-12-29,49.66424560546875,49.45406551300775,49.97076297304019,49.007426970211526
2021-12-30,49.17382049560547,49.85691077018468,50.12839699403773,49.121273804963934
2021-12-31,48.902339935302734,48.95488663202989,49.37525018358949,48.8673088041513
2022-01-01,50.58378982543945,49.743062794055945,50.829004381823836,49.64672886198554
2022-01-02,50.58378982543945,49.743062794055945,50.829004381823836,49.64672886198554
2022-01-03,50.58378982543945,49.743062794055945,50.829004381823836,49.64672886198554
2022-01-04,52.116371154785156,51.28440350318151,52.68561534449007,51.091735622219375
2022-01-05,51.97624206542969,52.49293947971724,53.02715245695123,51.93245482843963
2022-01-06,54.17440414428711,52.49294662095369,54.699857741155526,52.49294662095369
2022-01-07,55.31288146972656,54.051791008229564,55.37418426947455,53.53509359553076
2022-01-08,55.820823669433594,56.04851930919629,56.04851930919629,54.752397701061376
2022-01-09,55.820823669433594,56.04851930919629,56.04851930919629,54.752397701061376
2022-01-10,55.820823669433594,56.04851930919629,56.04851930919629,54.752397701061376
2022-01-11,56.34627151489258,56.10106032216503,56.591489389124014,55.1202122105029
2022-01-12,55.3216438293457,56.34627931865302,56.92428293713703,55.12897929727011
2022-01-13,55.41796875,55.60188048084876,56.48639464804233,55.26033203255927
2022-01-14,56.1973991394043,54.68233793385339,56.241189719706696,54.32327722433846
2022-01-15,55.558101654052734,56.42510378331798,56.556468855881754,55.102706967451574
2022-01-16,55.558101654052734,56.42510378331798,56.556468855881754,55.102706967451574
2022-01-17,55.558101654052734,56.42510378331798,56.556468855881754,55.102706967451574
2022-01-18,55.558101654052734,56.42510378331798,56.556468855881754,55.102706967451574
2022-01-19,53.797821044921875,55.812064032780285,55.812064032780285,53.76278991868905
2022-01-20,53.69272994995117,54.02551562035539,56.836701641283696,53.53509322575886
2022-01-21,53.000885009765625,55.172764877051335,55.172764877051335,52.81697659528934
2022-01-22,52.501708984375,52.422890606400266,52.79946692997368,50.42616281871065
2022-01-23,52.501708984375,52.422890606400266,52.79946692997368,50.42616281871065
2022-01-24,52.501708984375,52.422890606400266,52.79946692997368,50.42616281871065
2022-01-25,52.91330337524414,52.326547045408915,53.48254748275025,50.70639587904854
2022-01-26,52.55424499511719,53.52633707398354,53.95546003646365,51.87115470867151
2022-01-27,51.54036331176758,53.10085712093298,54.22934845101756,50.92321835443903
2022-01-28,51.84012222290039,51.75196009385611,52.32502065898319,50.91440641525692
2022-01-29,50.08566665649414,51.311138305846946,52.175139876159214,50.015134268793865
2022-01-30,50.08566665649414,51.311138305846946,52.175139876159214,50.015134268793865
2022-01-31,50.08566665649414,51.311138305846946,52.175139876159214,50.015134268793865
2022-02-01,53.10968780517578,50.5353121507809,53.268378992907905,50.39425070144216
2022-02-02,52.351470947265625,53.52404338345313,54.16763632955402,52.18395819697486
2022-02-03,52.20159149169922,52.53661363037313,53.259553839027134,51.954734843818215
2022-02-04,53.58576583862305,52.42200808978285,53.832625886950126,52.42200808978285
2022-02-05,53.092044830322266,53.400615642376536,53.7797188475687,52.89808411236266
2022-02-06,53.092044830322266,53.400615642376536,53.7797188475687,52.89808411236266
2022-02-07,53.092044830322266,53.400615642376536,53.7797188475687,52.89808411236266
2022-02-08,54.6260871887207,53.67392342698865,54.65253851763659,53.092044638383065
2022-02-09,54.37923049926758,54.26461704250344,55.14625177386229,54.26461704250344
2022-02-10,54.661354064941406,54.26461775796516,55.340213220618615,54.16763739812989
2022-02-11,53.97367858886719,54.14118797478417,55.23441650645217,53.42706264144841
2022-02-12,53.9207763671875,54.194084326056846,54.714248916698914,53.39179690962614
2022-02-13,53.9207763671875,54.194084326056846,54.714248916698914,53.39179690962614
2022-02-14,53.9207763671875,54.194084326056846,54.714248916698914,53.39179690962614
2022-02-15,55.13743591308594,54.62608616378796,55.24323113725569,54.26461606496921
2022-02-16,54.64372634887695,54.582012179842906,55.74576988615626,54.476216941951684
2022-02-17,53.0567741394043,54.343959936609096,54.49383957774627,52.99505998222114
2022-02-18,52.63359451293945,52.571880350354476,53.40943402379728,52.395552730181834
2022-02-19,52.510162353515625,52.5013441234076,53.1802032254422,52.192773333014316
2022-02-20,52.510162353515625,52.5013441234076,53.1802032254422,52.192773333014316
2022-02-21,52.510162353515625,52.5013441234076,53.1802032254422,52.192773333014316
2022-02-22,52.510162353515625,52.5013441234076,53.1802032254422,52.192773333014316
2022-02-23,51.769596099853516,52.92453552577917,53.26837255680039,51.61971643625693
2022-02-24,49.88289260864258,49.53905225286646,50.11211614932386,48.22541844197591
2022-02-25,52.81874084472656,50.47359240631371,52.977435378114414,50.42951133885484
2022-02-26,53.083229064941406,51.046654884459315,53.250741824838904,51.046654884459315
2022-02-27,53.083229064941406,51.046654884459315,53.250741824838904,51.046654884459315
2022-02-28,53.083229064941406,51.046654884459315,53.250741824838904,51.046654884459315
2022-03-01,49.239295959472656,52.39554975554816,52.60714019720707,48.85137790765169
2022-03-02,51.84012222290039,49.57432120213214,52.19277746541678,49.57432120213214
2022-03-03,51.49628448486328,51.84893972240567,52.24567266067885,51.01138605561971
2022-03-04,49.32746887207031,50.00632808733196,50.58820693424623,48.463467151692754
2022-03-05,46.01251220703125,48.89545798091461,49.353908412799996,45.97724937624727
2022-03-06,46.01251220703125,48.89545798091461,49.353908412799996,45.97724937624727
2022-03-07,46.01251220703125,48.89545798091461,49.353908412799996,45.97724937624727
2022-03-08,46.25937271118164,47.035208807686544,47.528925438964635,44.77822618051678
2022-03-09,48.18133544921875,48.47227313777791,49.4773361107139,47.80223227687703
2022-03-10,48.33121871948242,47.40550286643301,48.38411801740546,47.26444143514138
2022-03-11,48.842559814453125,48.50753771359083,49.51260065300851,48.45463842508545
2022-03-12,50.561744689941406,49.9093369470554,51.364032068789356,49.750642444587086
2022-03-13,50.561744689941406,49.9093369470554,51.364032068789356,49.750642444587086
2022-03-14,50.561744689941406,49.9093369470554,51.364032068789356,49.750642444587086
2022-03-15,50.7645263671875,50.95848370936796,51.60207662064683,50.07684903147865
2022-03-16,52.1398811340332,51.54036920557726,52.695311995461175,50.86151001120303
2022-03-17,50.852684020996094,51.1171737284868,51.60207208608128,50.65872333269066
2022-03-18,50.88795471191406,50.738075067742535,50.97611683448362,49.50378853592172
2022-03-19,50.98493957519531,50.8967740816565,51.5139190837494,50.41187563828697
2022-03-20,50.98493957519531,50.8967740816565,51.5139190837494,50.41187563828697
2022-03-21,50.98493957519531,50.8967740816565,51.5139190837494,50.41187563828697
2022-03-22,52.1486930847168,51.831304059269,52.421997685276175,51.20534423861886
2022-03-23,50.41187286376953,51.6990587300661,51.8577532465322,50.31489250779919
2022-03-24,50.96730422973633,51.002567062427694,51.267060168215,50.06803641430033
2022-03-25,52.615962982177734,51.1348163096716,52.67767714660135,51.06428391423334
2022-03-26,52.06935119628906,52.11343226255246,52.16632819680061,51.39930688167429
2022-03-27,52.06935119628906,52.11343226255246,52.16632819680061,51.39930688167429
2022-03-28,52.06935119628906,52.11343226255246,52.16632819680061,51.39930688167429
2022-03-29,52.421993255615234,53.25073194384923,53.321260964006015,51.92828002501028
2022-03-30,50.86151123046875,52.448456586877064,52.518985623178594,50.42069382328197
2022-03-31,49.47734069824219,50.44714093075414,51.30232434213684,49.46852583063128
2022-04-01,49.0717887878418,50.42950707506803,50.491221236926535,48.701503816690774
2022-04-02,48.06672668457031,48.81611487229661,48.86901416771963,47.74052277071918
2022-04-03,48.06672668457031,48.81611487229661,48.86901416771963,47.74052277071918
2022-04-04,48.06672668457031,48.81611487229661,48.86901416771963,47.74052277071918
2022-04-05,46.95586395263672,47.7846027461934,48.37529639735696,46.8677018254441
2022-04-06,45.95961380004883,46.63847286276856,46.7707160382059,45.73038691488674
2022-04-07,44.24924850463867,46.11831666424814,46.11831666424814,44.23161540541558
2022-04-08,44.08173751831055,44.58426905696572,44.78704464596958,43.96712405907543
2022-04-09,44.293331146240234,44.03765626258132,45.30720908686576,44.020023164070054
2022-04-10,44.293331146240234,44.03765626258132,45.30720908686576,44.020023164070054
2022-04-11,44.293331146240234,44.03765626258132,45.30720908686576,44.020023164070054
2022-04-12,43.68500518798828,44.293335373592235,44.98982433382708,43.39406744270942
2022-04-13,44.60190200805664,43.34116405014859,44.628349974265866,43.076674298547324
2022-04-14,44.48728942871094,44.52255562646689,44.848759547785164,44.081738244026624
2022-04-15,44.7694091796875,44.213981737813526,44.901655730516254,44.04646899167451
2022-04-16,44.7694091796875,44.213981737813526,44.901655730516254,44.04646899167451
2022-04-17,44.7694091796875,44.213981737813526,44.901655730516254,44.04646899167451
2022-04-18,44.7694091796875,44.213981737813526,44.901655730516254,44.04646899167451
2022-04-19,46.074222564697266,45.22785415864101,46.241735290574645,45.22785415864101
2022-04-20,46.682559967041016,46.53268031299831,47.05284494202368,46.40043712043433
2022-04-21,45.72157669067383,47.28207053409303,47.39668062514151,45.48353491491468
2022-04-22,44.16989517211914,45.53643158724442,45.554061320875924,44.12581411170172
2022-04-23,44.15226364135742,43.84368950465673,44.31977300939321,42.538870663029094
2022-04-24,44.15226364135742,43.84368950465673,44.31977300939321,42.538870663029094
2022-04-25,44.15226364135742,43.84368950465673,44.31977300939321,42.538870663029094
2022-04-26,42.759281158447266,43.37642609522367,44.002385898836174,42.67993390424502
2022-04-27,42.90915298461914,42.82099087272845,43.31470744355571,42.23911219001049
2022-04-28,45.17496109008789,44.05528467743121,45.333652233479015,43.649730181127175
2022-04-29,44.07292175292969,44.92810515641126,45.57169810748962,43.984756261787005
2022-04-30,44.06410217285156,44.46083846292032,44.52255262324552,42.979691888776614
2022-05-01,44.06410217285156,44.46083846292032,44.52255262324552,42.979691888776614
2022-05-02,44.06410217285156,44.46083846292032,44.52255262324552,42.979691888776614
2022-05-03,44.59308624267578,44.28451206937814,44.96337121482944,43.914227097224476
2022-05-04,45.36892318725586,44.46084047578555,45.39537451657097,43.737900253672755
2022-05-05,43.588016510009766,44.654797007808675,44.78704018930256,42.92679051303236
2022-05-06,42.459529876708984,43.623287490023166,43.68500165412545,41.956998332921934
2022-05-07,41.59553146362305,41.798307070529106,42.20385828434122,41.17234714966649
2022-05-08,41.59553146362305,41.798307070529106,42.20385828434122,41.17234714966649
2022-05-09,41.59553146362305,41.798307070529106,42.20385828434122,41.17234714966649
2022-05-10,41.36629867553711,42.11569019144349,42.230303644590485,40.32597281948184
2022-05-11,40.62824249267578,41.59748722560311,42.44224236950824,40.512646955490546
2022-05-12,40.98393630981445,40.46818976989637,41.179564775588545,39.97912199754857
2022-05-13,41.68642044067383,41.36630234212239,42.104349387482486,41.126213768208814
2022-05-14,41.19735336303711,41.41076317113817,41.67752712730838,40.59268658660452
2022-05-15,41.19735336303711,41.41076317113817,41.67752712730838,40.59268658660452
2022-05-16,41.19735336303711,41.41076317113817,41.67752712730838,40.59268658660452
2022-05-17,42.9579963684082,42.12213173755871,43.020241173843274,42.12213173755871
2022-05-18,41.215126037597656,42.37999925198969,42.56673364291212,41.06396107125674
2022-05-19,40.48597717285156,40.46819245731946,41.224027603039254,40.16585907744908
2022-05-20,40.79720687866211,40.49487348195378,41.126215654110396,39.61454867056877
2022-05-21,41.624176025390625,41.810910453949056,42.30887232219258,41.161783588897585
2022-05-22,41.624176025390625,41.810910453949056,42.30887232219258,41.161783588897585
2022-05-23,41.624176025390625,41.810910453949056,42.30887232219258,41.161783588897585
2022-05-24,40.734954833984375,41.446326408137686,41.446326408137686,39.88130555291317
2022-05-25,41.29515838623047,40.39705240236093,41.64195521161476,40.29923817407977
2022-05-26,42.39779281616211,41.69531179840358,42.83350648595014,41.69531179840358
2022-05-27,43.35813903808594,42.50449311491496,43.3937084662399,42.46003302576618
2022-05-28,43.65158462524414,42.94021297545533,43.891673193064285,42.46892650139908
2022-05-29,43.65158462524414,42.94021297545533,43.891673193064285,42.46892650139908
2022-05-30,43.65158462524414,42.94021297545533,43.891673193064285,42.46892650139908
2022-05-31,43.65158462524414,42.94021297545533,43.891673193064285,42.46892650139908
2022-06-01,43.020240783691406,43.811641924549335,43.8738867294199,42.22883964283348
2022-06-02,44.81645965576172,43.05581009469527,44.85202569547262,42.975783961279966
2022-06-03,44.656394958496094,44.47855121407693,44.80755993639564,44.18510852697222
2022-06-04,44.460758209228516,45.198808423703305,45.75901153483719,44.39851341910253
2022-06-05,44.460758209228516,45.198808423703305,45.75901153483719,44.39851341910253
2022-06-06,44.460758209228516,45.198808423703305,45.75901153483719,44.39851341910253
2022-06-07,45.11878967285156,44.11397534814046,45.14546504866481,44.025051775283856
2022-06-08,44.2740364074707,44.47855554624214,44.67418402336596,43.94502426101926
2022-06-09,42.86907958984375,44.042843809935064,44.380746658775905,42.806834774542544
2022-06-10,41.14398956298828,41.73087148572103,42.291078036720876,40.93057641286413
2022-06-11,39.43669509887695,40.06804050625552,40.36147977574988,39.161040541486344
2022-06-12,39.43669509887695,40.06804050625552,40.36147977574988,39.161040541486344
2022-06-13,39.43669509887695,40.06804050625552,40.36147977574988,39.161040541486344
2022-06-14,40.068050384521484,39.60565793208807,40.334814347670964,39.427814159292474
2022-06-15,40.1480712890625,40.17474666202136,40.877227548026134,39.659000170902786
2022-06-16,37.96060562133789,39.338892256438314,39.338892256438314,37.46264714969274
2022-06-17,38.262939453125,38.46745859810506,38.83203679430218,37.80944106940185
2022-06-18,39.11659240722656,39.570090832109535,39.62344498472025,38.78758022092587
2022-06-19,39.11659240722656,39.570090832109535,39.62344498472025,38.78758022092587
2022-06-20,39.11659240722656,39.570090832109535,39.62344498472025,38.78758022092587
2022-06-21,39.11659240722656,39.570090832109535,39.62344498472025,38.78758022092587
2022-06-22,38.965415954589844,38.62751317536989,39.241073931333396,38.2006902189229
2022-06-23,37.98728561401367,38.760902116004246,39.04545079241659,37.24034449040932
2022-06-24,39.907989501953125,38.29850835033309,40.005803742118935,38.23626354151624
2022-06-25,39.2944221496582,40.432620018953074,40.46818605230048,39.05433361610586
2022-06-26,39.2944221496582,40.432620018953074,40.46818605230048,39.05433361610586
2022-06-27,39.2944221496582,40.432620018953074,40.46818605230048,39.05433361610586
2022-06-28,39.303321838378906,39.81906501279149,40.32591752561403,39.098802700931884
2022-06-29,38.636409759521484,39.338890738733475,39.338890738733475,38.49413543138504
2022-06-30,37.480430603027344,37.44486117279708,38.20958696230987,36.9735780945526
2022-07-01,37.94282531738281,37.36483725386298,38.031748906293,36.662356165868886
2022-07-02,38.05841827392578,37.00025317373878,38.08509704242779,36.2088520139591
2022-07-03,38.05841827392578,37.00025317373878,38.08509704242779,36.2088520139591
2022-07-04,38.05841827392578,37.00025317373878,38.08509704242779,36.2088520139591
2022-07-05,38.05841827392578,37.00025317373878,38.08509704242779,36.2088520139591
2022-07-06,37.489322662353516,37.70273585960476,38.03174462128305,36.89354994817693
2022-07-07,38.636409759521484,38.11177253850193,38.74311465760193,38.11177253850193
2022-07-08,38.53858947753906,38.8587075136525,38.97430644715724,37.951707542026774
2022-07-09,38.05841827392578,37.978388752594824,38.36964569780728,37.67605538224318
2022-07-10,38.05841827392578,37.978388752594824,38.36964569780728,37.67605538224318
2022-07-11,38.05841827392578,37.978388752594824,38.36964569780728,37.67605538224318
2022-07-12,38.46744918823242,37.720508262631455,39.41001854904149,37.66715752000153
2022-07-13,37.933937072753906,38.236270510145566,38.30740938580868,37.6671730731938
2022-07-14,37.15142059326172,37.05360635055975,37.59602832038869,36.51118777281856
2022-07-15,38.903175354003906,37.871685583158396,38.97431421713904,37.507107389810095
2022-07-16,39.063228607177734,39.49005154638699,39.92576853821214,38.8320307283849
2022-07-17,39.063228607177734,39.49005154638699,39.92576853821214,38.8320307283849
2022-07-18,39.063228607177734,39.49005154638699,39.92576853821214,38.8320307283849
2022-07-19,40.31702423095703,39.730142233802404,40.672711728905995,39.41891821716259
2022-07-20,41.22401809692383,40.165849815343584,41.30404760231992,39.979115433448314
2022-07-21,40.74385452270508,40.441521112687546,42.40668658175752,40.112512322755755
2022-07-22,40.068050384521484,41.00172595158857,41.16178500789582,39.78350170488366
2022-07-23,40.69939422607422,40.397060817538,40.74385432307614,39.925777683559296
2022-07-24,40.69939422607422,40.397060817538,40.74385432307614,39.925777683559296
2022-07-25,40.69939422607422,40.397060817538,40.74385432307614,39.925777683559296
2022-07-26,40.17475128173828,40.405945788836796,40.770523960241654,39.93466272123935
2022-07-27,40.912803649902344,40.201431928538646,41.12621686235542,39.99691277065208
2022-07-28,40.877235412597656,40.823881264327774,41.17067474786261,39.89909638017636
2022-07-29,41.304054260253906,40.87723129336938,41.53524876195024,40.87723129336938
2022-07-30,41.429630279541016,40.918375087548796,41.57314044884493,40.20082424102922
2022-07-31,41.429630279541016,40.918375087548796,41.57314044884493,40.20082424102922
2022-08-01,41.429630279541016,40.918375087548796,41.57314044884493,40.20082424102922
2022-08-02,40.4071159362793,41.2323018950855,41.241269782859135,40.39814804850566
2022-08-03,41.223331451416016,40.64032293043118,41.56416936035537,40.29051371197781
2022-08-04,40.90043640136719,41.25024565113555,41.330970336227885,40.73001914241775
2022-08-05,41.77942657470703,40.8017627801319,41.88705831293466,40.8017627801319
2022-08-06,41.4385986328125,42.030578466643306,42.35347717992412,41.429627323247985
2022-08-07,41.4385986328125,42.030578466643306,42.35347717992412,41.429627323247985
2022-08-08,41.4385986328125,42.030578466643306,42.35347717992412,41.429627323247985
2022-08-09,41.537261962890625,41.357873411030525,41.59107613336223,41.01703550465153
2022-08-10,43.08896255493164,42.23686957988293,43.18762642025488,42.18305199291978
2022-08-11,43.84238815307617,43.59124285558216,44.183222578554954,43.59124285558216
2022-08-12,44.64963912963867,44.21910865818842,44.64963912963867,43.788578186738164
2022-08-13,44.524070739746094,44.14735783856535,44.667580905179555,43.923122991228546
2022-08-14,44.524070739746094,44.14735783856535,44.667580905179555,43.923122991228546
2022-08-15,44.524070739746094,44.14735783856535,44.667580905179555,43.923122991228546
2022-08-16,45.00840759277344,44.26394644315873,45.1339785284792,44.26394644315873
2022-08-17,44.524070739746094,44.38056057431263,44.82903026898622,43.958997966422736
2022-08-18,44.73933029174805,44.50612417305751,44.78417656948033,44.22807519818636
2022-08-19,44.03971862792969,44.33571024173819,44.533037984277186,43.654034451995415
2022-08-20,42.87369155883789,43.304221949019734,43.304221949019734,42.65842807452266
2022-08-21,42.87369155883789,43.304221949019734,43.304221949019734,42.65842807452266
2022-08-22,42.87369155883789,43.304221949019734,43.304221949019734,42.65842807452266
2022-08-23,43.08896255493164,42.92751321559391,43.45670751196718,42.92751321559391
2022-08-24,42.92750930786133,43.02617316420311,43.09792651873714,42.64048904662238
2022-08-25,43.779605865478516,43.03514464833371,43.88723761705368,42.999266257291424
2022-08-26,43.08896255493164,43.86033086031149,43.9769304997374,43.04411627657154
2022-08-27,42.52389144897461,42.748126270667484,42.99030028868201,42.25481034725353
2022-08-28,42.52389144897461,42.748126270667484,42.99030028868201,42.25481034725353
2022-08-29,42.52389144897461,42.748126270667484,42.99030028868201,42.25481034725353
2022-08-30,42.317596435546875,42.74812688883676,42.79297316951347,41.761495027741425
2022-08-31,42.200992584228516,42.33553484531005,42.55079835717831,41.905004400021696
2022-09-01,41.833248138427734,42.00366879413681,42.00366879413681,41.160543667707174
2022-09-02,41.08878707885742,42.407285411343025,42.62255233056299,40.855580964573164
2022-09-03,40.362266540527344,41.304052075495974,41.304052075495974,39.79719385092548
2022-09-04,40.362266540527344,41.304052075495974,41.304052075495974,39.79719385092548
2022-09-05,40.362266540527344,41.304052075495974,41.304052075495974,39.79719385092548
2022-09-06,40.362266540527344,41.304052075495974,41.304052075495974,39.79719385092548
2022-09-07,41.48344039916992,40.335359251667825,41.591072151360315,40.09318524307565
2022-09-08,42.82884979248047,41.097756741803714,42.855756875463996,40.918368204959414
2022-09-09,43.54640579223633,43.13381450261149,43.64506967052752,43.02618273609027
2022-09-10,44.06662368774414,43.627121975919984,44.53303248057028,43.46567264680511
2022-09-11,44.06662368774414,43.627121975919984,44.53303248057028,43.46567264680511
2022-09-12,44.06662368774414,43.627121975919984,44.53303248057028,43.46567264680511
2022-09-13,42.712249755859375,43.01720926363124,43.367015053402966,42.43420075452902
2022-09-14,42.90957260131836,42.87369421119576,43.00823646337971,42.1023259313179
2022-09-15,42.801944732666016,42.936483575494826,43.73475900955563,42.766066339290894
2022-09-16,41.89603042602539,41.98572640155794,42.17408281784887,41.12466214420355
2022-09-17,42.6404914855957,41.29508265100094,42.86472629136149,41.29508265100094
2022-09-18,42.6404914855957,41.29508265100094,42.86472629136149,41.29508265100094
2022-09-19,42.6404914855957,41.29508265100094,42.86472629136149,41.29508265100094
2022-09-20,42.37141036987305,42.29068570299839,42.64945933901231,41.97675492224066
2022-09-21,42.021610260009766,42.60462224887851,43.05309195676145,42.021610260009766
2022-09-22,41.250240325927734,42.10232993222658,42.14717963491762,41.02600549868026
2022-09-23,40.451961517333984,40.70310685082006,40.90043117238891,39.851013821905305
2022-09-24,40.55958938598633,40.11111981178144,40.99011976663686,40.11111981178144
2022-09-25,40.55958938598633,40.11111981178144,40.99011976663686,40.11111981178144
2022-09-26,40.55958938598633,40.11111981178144,40.99011976663686,40.11111981178144
2022-09-27,40.06627655029297,40.90043036597264,41.250239564122076,39.537085652451836
2022-09-28,41.25920867919922,40.20082000892169,41.582107381528225,40.111127445631176
2022-09-29,40.523719787597656,40.61341235327049,40.81970799155965,39.99452543840301
2022-09-30,40.54166030883789,40.67619916174019,41.38478208696972,40.41608934417487
2022-10-01,41.63591766357422,41.160540963724145,41.851184585545965,40.31741931423406
2022-10-02,41.63591766357422,41.160540963724145,41.851184585545965,40.31741931423406
2022-10-03,41.63591766357422,41.160540963724145,41.851184585545965,40.31741931423406
2022-10-04,43.72578811645508,42.35347216892749,43.770634394315465,42.29965458256402
2022-10-05,43.331138610839844,43.04411830991473,43.51052373275413,42.87369765392353
2022-10-06,42.94545364379883,43.08896379160096,43.65403307394897,42.757093794797676
2022-10-07,41.86014938354492,42.613578422522835,42.613578422522835,41.39374402653366
2022-10-08,41.68974304199219,42.1023343462109,42.20996953809149,41.22333414183318
2022-10-09,41.68974304199219,42.1023343462109,42.20996953809149,41.22333414183318
2022-10-10,41.68974304199219,42.1023343462109,42.20996953809149,41.22333414183318
2022-10-11,41.27714538574219,41.384777139507314,41.99469611342933,40.72104399947862
2022-10-12,40.963218688964844,41.27714951605766,41.62695531696078,40.48784192584544
2022-10-13,42.999263763427734,40.362263762690496,43.205559367628645,39.75234483655239
2022-10-14,42.8109130859375,43.492588881272425,44.254985930251586,42.65843504476245
2022-10-15,43.77063751220703,43.779608821349164,44.057657816820694,43.142779312782665
2022-10-16,43.77063751220703,43.779608821349164,44.057657816820694,43.142779312782665
2022-10-17,43.77063751220703,43.779608821349164,44.057657816820694,43.142779312782665
2022-10-18,44.44334030151367,44.77520687455394,44.8918099381012,43.79754635148285
2022-10-19,43.54640579223633,44.156324838443545,44.81109016890526,43.16072158885376
2022-10-20,44.4254035949707,43.3849541166451,46.59599853689688,43.06205541275922
2022-10-21,45.62730026245117,44.936656605555264,45.743903327005505,44.15632038918792
2022-10-22,46.847137451171875,45.79772015232857,46.91889423479454,45.546574831201
2022-10-23,46.847137451171875,45.79772015232857,46.91889423479454,45.546574831201
2022-10-24,46.847137451171875,45.79772015232857,46.91889423479454,45.546574831201
2022-10-25,47.42117691040039,46.300002854498295,47.492933692322936,45.896379510063205
2022-10-26,47.349422454833984,47.412207926788135,48.040066067881234,47.15209473066288
2022-10-27,47.60057067871094,47.86068390945958,48.42575665381476,47.510878112995165
2022-10-28,48.38090896606445,47.923471387363335,48.49751204359698,47.52881929159076
2022-10-29,48.66792678833008,48.26430682501483,49.12536776503033,48.26430682501483
2022-10-30,48.66792678833008,48.26430682501483,49.12536776503033,48.26430682501483
2022-10-31,48.66792678833008,48.26430682501483,49.12536776503033,48.26430682501483
2022-11-01,48.9549446105957,49.24196488926879,49.358564525163004,48.74864557759478
2022-11-02,47.241790771484375,48.81143452930099,48.82040583827184,47.14313032366803
2022-11-03,47.30506896972656,46.82605428238576,47.57620929373577,46.22050422595347
2022-11-04,48.9138298034668,48.371549244990874,48.977095753697796,47.98291358058003
2022-11-05,49.302459716796875,49.510334021555515,49.519373983525846,48.76921573581243
2022-11-06,49.302459716796875,49.510334021555515,49.519373983525846,48.76921573581243
2022-11-07,49.302459716796875,49.510334021555515,49.519373983525846,48.76921573581243
2022-11-08,49.76340103149414,49.4470678708332,50.34183447669263,48.931900368219836
2022-11-09,48.76921844482422,49.11266461633298,49.609755672518915,48.44384875052492
2022-11-10,50.07069778442383,50.152040208912304,51.028726953137514,49.492260850430476
2022-11-11,48.217899322509766,50.423181336219194,50.71239808429001,48.1184838666456
2022-11-12,47.946754455566406,47.892528475336455,48.62460679032296,47.71176716318765
2022-11-13,47.946754455566406,47.892528475336455,48.62460679032296,47.71176716318765
2022-11-14,47.946754455566406,47.892528475336455,48.62460679032296,47.71176716318765
2022-11-15,48.0100212097168,48.81440544226257,49.20304106324867,47.47677722611275
2022-11-16,47.32313537597656,48.02810075786132,48.06425371276195,47.09718457945088
2022-11-17,47.00680160522461,46.753737819551226,47.214679369439736,46.084925400918586
2022-11-18,47.5490837097168,47.81118744756756,47.81118744756756,46.943533813569694
2022-11-19,47.9648323059082,47.503894222069846,48.109440670223705,47.503894222069846
2022-11-20,47.9648323059082,47.503894222069846,48.109440670223705,47.503894222069846
2022-11-21,47.9648323059082,47.503894222069846,48.109440670223705,47.503894222069846
2022-11-22,48.65172576904297,48.45288797052132,48.660762283641475,48.09136532734295
2022-11-23,48.046173095703125,48.434808708061695,48.74210190276998,47.93771768808115
2022-11-24,48.434814453125,48.29924259171534,48.85056310476901,47.88349394007133
2022-11-25,48.434814453125,48.29924259171534,48.85056310476901,47.88349394007133
2022-11-26,47.65753936767578,47.991945565577836,48.22693631374119,47.5761969468093
2022-11-27,47.65753936767578,47.991945565577836,48.22693631374119,47.5761969468093
2022-11-28,47.65753936767578,47.991945565577836,48.22693631374119,47.5761969468093
2022-11-29,48.263092041015625,47.7208080548246,48.46192639965698,47.44063127064137
2022-11-30,49.11266326904297,48.263089549917346,49.15785273695921,47.305056970510265
2022-12-01,48.55230712890625,49.21208302565287,49.58264218540743,48.31731637526553
2022-12-02,48.6607666015625,48.13655906721177,48.92287036873786,48.13655906721177
2022-12-03,45.02747344970703,48.49807774470235,48.49807774470235,44.78344618118368
2022-12-04,45.02747344970703,48.49807774470235,48.49807774470235,44.78344618118368
2022-12-05,45.02747344970703,48.49807774470235,48.49807774470235,44.78344618118368
2022-12-06,43.33736801147461,45.08170861954207,45.262469965280815,43.00296176288627
2022-12-07,43.40966033935547,43.32831792516381,43.55426869261452,42.288946463531595
2022-12-08,42.85833740234375,43.75310390599164,43.75310390599164,42.42451236800186
2022-12-09,42.66855239868164,42.93969269553228,43.138530522166185,42.397412101830994
2022-12-10,42.894493103027344,42.66854233432483,43.1114073579852,42.126261868532865
2022-12-11,42.894493103027344,42.66854233432483,43.1114073579852,42.126261868532865
2022-12-12,42.894493103027344,42.66854233432483,43.1114073579852,42.126261868532865
2022-12-13,41.430335998535156,43.60850142397888,43.7802227790751,41.05977684973304
2022-12-14,40.82478713989258,41.358031142954424,41.647251326479136,40.54461036644792
2022-12-15,40.12886428833008,40.309622173876846,40.49038350715927,39.56850381038098
2022-12-16,40.219234466552734,39.91194130125844,40.25538741487792,39.23408903496823
2022-12-17,40.99651336669922,40.32769748719236,41.16823473210308,40.32769748719236
2022-12-18,40.99651336669922,40.32769748719236,41.16823473210308,40.32769748719236
2022-12-19,40.99651336669922,40.32769748719236,41.16823473210308,40.32769748719236
2022-12-20,41.430335998535156,41.32188058730256,41.773782156462964,41.104966317102004
2022-12-21,41.73762512207031,41.91838642160541,42.54200928487974,41.5297508343122
2022-12-22,41.8099365234375,41.421304300685364,41.84608948063074,41.104971096848175
2022-12-23,42.23472595214844,41.82801379535016,42.505866240768675,41.75571132732814
2022-12-24,42.23472595214844,42.27991542562917,42.5420191986476,41.96358566352819
2022-12-25,42.23472595214844,42.27991542562917,42.5420191986476,41.96358566352819
2022-12-26,42.23472595214844,42.27991542562917,42.5420191986476,41.96358566352819
2022-12-27,42.23472595214844,42.27991542562917,42.5420191986476,41.96358566352819
2022-12-28,41.84608840942383,42.37029593209944,42.37029593209944,41.82801193128994
2022-12-29,42.59624481201172,41.90935246491126,42.65951075875314,41.75570757932081
2022-12-30,42.786041259765625,42.334139684756586,42.804117736494234,42.13530188847727
2022-12-31,42.33414077758789,43.0842956186453,43.38255232076359,41.855126198988145
2023-01-01,42.33414077758789,43.0842956186453,43.38255232076359,41.855126198988145
2023-01-02,42.33414077758789,43.0842956186453,43.38255232076359,41.855126198988145
2023-01-03,42.33414077758789,43.0842956186453,43.38255232076359,41.855126198988145
2023-01-04,42.325103759765625,42.81315484729408,43.12948802284755,42.09915296911405
2023-01-05,42.053955078125,42.22567986525712,42.352211741416546,41.475521674119015
2023-01-06,43.25601577758789,42.34317273991494,43.42773712087735,41.96357710283242
2023-01-07,42.795074462890625,43.36447136870948,43.373511330242,42.74084848463607
2023-01-08,42.795074462890625,43.36447136870948,43.373511330242,42.74084848463607
2023-01-09,42.795074462890625,43.36447136870948,43.373511330242,42.74084848463607
2023-01-10,42.90353775024414,42.75892938039045,43.00295665096896,42.38837021715689
2023-01-11,42.98488235473633,43.002958832852144,43.40966752338308,42.795081058388135
2023-01-12,43.870601654052734,43.53619203724094,44.12366540927456,43.084290504210486
2023-01-13,43.39158630371094,43.427739255992,43.56331110317833,42.587202078001454
2023-01-14,43.09333419799805,43.49100634032335,43.500046302498575,42.668545616882454
2023-01-15,43.09333419799805,43.49100634032335,43.500046302498575,42.668545616882454
2023-01-16,43.09333419799805,43.49100634032335,43.500046302498575,42.668545616882454
2023-01-17,43.09333419799805,43.49100634032335,43.500046302498575,42.668545616882454
2023-01-18,41.023624420166016,42.72277530725457,42.95776260921264,41.01458790567107
2023-01-19,40.80670928955078,40.761516378637985,41.12303897953007,40.327691326208516
2023-01-20,42.053955078125,41.10496255919425,42.09010802780914,40.88805175655953
2023-01-21,42.894493103027344,42.279906736337715,43.07525440753637,42.04491945389056
2023-01-22,42.894493103027344,42.279906736337715,43.07525440753637,42.04491945389056
2023-01-23,42.894493103027344,42.279906736337715,43.07525440753637,42.04491945389056
2023-01-24,42.40644454956055,42.79508020193361,42.79508020193361,41.92742995615284
2023-01-25,42.74988555908203,42.135299180745925,42.767962034648995,41.72858709982715
2023-01-26,46.265682220458984,43.40966439121087,47.232751319595394,43.31024549261519
2023-01-27,45.94935607910156,46.21145984170655,46.34702825676259,45.31669313229962
2023-01-28,45.416114807128906,45.65110214285852,46.166273184229546,45.31669589471934
2023-01-29,45.416114807128906,45.65110214285852,46.166273184229546,45.31669589471934
2023-01-30,45.416114807128906,45.65110214285852,46.166273184229546,45.31669589471934
2023-01-31,47.585243225097656,45.41611401256727,47.621392735375686,45.235352670233766
2023-02-01,48.615577697753906,47.28698581553559,48.94998393525106,47.19660686953174
2023-02-02,49.33861541748047,48.84152436121764,49.347651932218845,48.40769925132996
2023-02-03,50.15804672241211,49.129209434085524,50.57686421210788,49.129209434085524
2023-02-04,50.1944694519043,49.812068285039835,50.403878208897964,49.75744202776293
2023-02-05,50.1944694519043,49.812068285039835,50.403878208897964,49.75744202776293
2023-02-06,50.1944694519043,49.812068285039835,50.403878208897964,49.75744202776293
2023-02-07,50.667911529541016,49.975948906990496,50.78627072369489,49.70280722890366
2023-02-08,50.33103561401367,50.26730266880805,50.53134114076565,50.03968401502082
2023-02-09,49.55713653564453,50.558657282757885,50.80448586028976,49.46609045797431
2023-02-10,49.78474807739258,49.35682393258314,49.90311073997099,49.18383502049526
2023-02-11,50.604183197021484,49.78475461492799,50.80448526016697,49.20205138907714
2023-02-12,50.604183197021484,49.78475461492799,50.80448526016697,49.20205138907714
2023-02-13,50.604183197021484,49.78475461492799,50.80448526016697,49.20205138907714
2023-02-14,50.1944694519043,50.44029802920605,50.98658144108646,49.684602387146754
2023-02-15,50.085205078125,49.711910639546595,50.476709425071235,49.50250190309382
2023-02-16,50.30371856689453,49.44787374569569,50.831795469657585,49.27488135945998
2023-02-17,50.048789978027344,50.25819871968284,50.34924479059915,49.77564481890847
2023-02-18,49.01995086669922,49.63907385062542,49.83027267628899,48.75591240848676
2023-02-19,49.01995086669922,49.63907385062542,49.83027267628899,48.75591240848676
2023-02-20,49.01995086669922,49.63907385062542,49.83027267628899,48.75591240848676
2023-02-21,49.01995086669922,49.63907385062542,49.83027267628899,48.75591240848676
2023-02-22,48.74681091308594,49.33861731912059,49.33861731912059,48.36440977506489
2023-02-23,48.62844467163086,49.074578721029916,49.42966323321247,48.127684373086616
2023-02-24,48.555606842041016,47.790808121697424,48.57381327567229,47.790808121697424
2023-02-25,48.51008224487305,49.06547226843805,49.17472824044248,48.17320763850163
2023-02-26,48.51008224487305,49.06547226843805,49.17472824044248,48.17320763850163
2023-02-27,48.51008224487305,49.06547226843805,49.17472824044248,48.17320763850163
2023-02-28,48.364410400390625,48.84696430635123,48.84696430635123,48.22784129254838
2023-03-01,47.47214889526367,47.781710423015994,48.04574891175464,46.889445660244064
2023-03-02,47.32647705078125,47.00781227780754,47.544992518810034,46.16107048312249
2023-03-03,47.3993034362793,47.772597840114734,47.772597840114734,46.789283718879204
2023-03-04,46.9804801940918,47.198995590122536,48.036630416340856,46.780178177013376
2023-03-05,46.9804801940918,47.198995590122536,48.036630416340856,46.780178177013376
2023-03-06,46.9804801940918,47.198995590122536,48.036630416340856,46.780178177013376
2023-03-07,45.560150146484375,46.74376644039246,46.74376644039246,45.541940237570714
2023-03-08,44.88639450073242,45.55104050367884,45.7058229828224,44.786241744789784
2023-03-09,41.198978424072266,44.33101000861639,44.33101000861639,41.17166529565237
2023-03-10,39.1777229309082,40.04267453979601,40.27029320144096,36.72854738195527
2023-03-11,34.18832015991211,35.06237493274898,36.82869786018988,33.63293010430172
2023-03-12,34.18832015991211,35.06237493274898,36.82869786018988,33.63293010430172
2023-03-13,34.18832015991211,35.06237493274898,36.82869786018988,33.63293010430172
2023-03-14,36.091209411621094,36.02747647308553,37.96678817288334,35.44477333608337
2023-03-15,34.725502014160156,34.47967344599187,35.007750401283396,33.56919881122864
2023-03-16,37.101844787597656,34.097278910478366,37.848433779088346,33.32337331566017
2023-03-17,34.816551208496094,36.145843328206524,36.46450805786825,34.37952033183849
2023-03-18,35.64508056640625,35.681496909342236,36.86511662097495,35.33551907574898
2023-03-19,35.64508056640625,35.681496909342236,36.86511662097495,35.33551907574898
2023-03-20,35.64508056640625,35.681496909342236,36.86511662097495,35.33551907574898
2023-03-21,38.16709899902344,37.60260563914383,38.40382437371149,37.01079914879464
2023-03-22,35.55403137207031,38.176199114142534,38.176199114142534,35.49940512054236
2023-03-23,34.270263671875,36.009270033337785,36.3643545745665,34.15190100040376
2023-03-24,35.16252899169922,33.51457214578608,35.25357853797222,33.223220544082594
2023-03-25,35.42656326293945,36.71943888114275,37.12914963461354,35.1625248198521
2023-03-26,35.42656326293945,36.71943888114275,37.12914963461354,35.1625248198521
2023-03-27,35.42656326293945,36.71943888114275,37.12914963461354,35.1625248198521
2023-03-28,35.75434112548828,35.180741104193636,35.91822684585818,34.9531224340338
2023-03-29,36.19136428833008,36.36435320690888,36.49182256464495,35.681497276940384
2023-03-30,35.51762008666992,36.792286183988814,36.80138940370171,35.46299382202114
2023-03-31,35.89090347290039,36.027476038506165,36.21867485180655,35.46298281549258
2023-04-01,35.1261100769043,35.963745002232656,36.227783457332386,34.88938474709599
2023-04-02,35.1261100769043,35.963745002232656,36.227783457332386,34.88938474709599
2023-04-03,35.1261100769043,35.963745002232656,36.227783457332386,34.88938474709599
2023-04-04,34.19742965698242,35.49940870537742,35.49940870537742,33.705772504472726
2023-04-05,33.560096740722656,33.23232530528962,33.75129558699686,32.804401100898126
2023-04-06,33.79681396484375,33.64203496011502,34.26115792539943,33.46904257461262
2023-04-07,33.99712371826172,33.48725666169044,34.406838007186394,33.22322165165914
2023-04-08,33.99712371826172,33.48725666169044,34.406838007186394,33.22322165165914
2023-04-09,33.99712371826172,33.48725666169044,34.406838007186394,33.22322165165914
2023-04-10,33.99712371826172,33.48725666169044,34.406838007186394,33.22322165165914
2023-04-11,34.10637283325195,34.06084980436133,34.47056401074588,33.67845219385873
2023-04-12,33.71487045288086,34.425042942114814,34.63445166548358,33.44172879079919
2023-04-13,34.84386444091797,33.81502713847388,35.035063279291585,33.487255716584784
2023-04-14,33.92428207397461,35.59955547720699,35.727024838705574,33.505464591462754
2023-04-15,35.48119354248047,33.687557607114975,35.58134629648144,33.305159971676375
2023-04-16,35.48119354248047,33.687557607114975,35.58134629648144,33.305159971676375
2023-04-17,35.48119354248047,33.687557607114975,35.58134629648144,33.305159971676375
2023-04-18,34.698184967041016,35.41746068081925,35.60865949895735,34.29757395015962
2023-04-19,36.15494155883789,34.87117265285752,36.47360971772574,34.6162409042949
2023-04-20,35.16252899169922,34.66176864334542,37.32945956840581,34.66176864334542
2023-04-21,35.2171630859375,35.0077543133232,35.608667500490256,34.46146738750783
2023-04-22,34.698184967041016,35.05326947877883,35.42656389793714,34.5251925831387
2023-04-23,34.698184967041016,35.05326947877883,35.42656389793714,34.5251925831387
2023-04-24,34.698184967041016,35.05326947877883,35.42656389793714,34.5251925831387
2023-04-25,32.8863410949707,33.969808075845606,34.27936957421202,32.74066530004445
2023-04-26,33.478153228759766,33.05022903271638,34.188322342886956,32.986496085201644
2023-04-27,33.64204025268555,33.687563292227175,33.88786883403268,33.022917190000605
2023-04-28,33.96070098876953,33.33247478170186,34.443254875795446,33.33247478170186
2023-04-29,33.560096740722656,33.951601124913765,34.4614647149783,33.450840753306714
2023-04-30,33.560096740722656,33.951601124913765,34.4614647149783,33.450840753306714
2023-05-01,33.560096740722656,33.951601124913765,34.4614647149783,33.450840753306714
2023-05-02,31.393159866333008,33.30515837119912,33.30515837119912,31.028972155776035
2023-05-03,30.71030616760254,31.602570810194724,32.54036195885383,30.51910734558667
2023-05-04,29.353702545166016,29.7178903001752,30.39164303037887,28.252027379404453
2023-05-05,31.289718627929688,30.791888397271567,31.888963344353183,30.625943814779465
2023-05-06,30.56140899658203,32.02725040627042,32.02725040627042,30.340148389708034
2023-05-07,30.56140899658203,32.02725040627042,32.02725040627042,30.340148389708034
2023-05-08,30.56140899658203,32.02725040627042,32.02725040627042,30.340148389708034
2023-05-09,30.718124389648438,30.13731852670657,31.022357204414167,29.648706024368156
2023-05-10,30.063575744628906,31.409567533699878,31.520196080479085,29.53808575140506
2023-05-11,30.109670639038086,29.399797390921407,30.22029918566905,29.15088228179722
2023-05-12,30.017480850219727,30.459998554749447,30.469216134985896,29.3537025350161
2023-05-13,30.745790481567383,30.109671915450335,31.03158471569905,30.109671915450335
2023-05-14,30.745790481567383,30.109671915450335,31.03158471569905,30.109671915450335
2023-05-15,30.745790481567383,30.109671915450335,31.03158471569905,30.109671915450335
2023-05-16,31.013141632080078,30.84719707026323,31.418785457329136,30.579841552134123
2023-05-17,33.7696647644043,31.7045786724639,34.000142950178905,31.667701318703635
2023-05-18,33.52074432373047,33.77887873886288,34.267491315168556,33.35479976634031
2023-05-19,33.13353729248047,33.83419283186169,33.83419283186169,32.4974188700153
2023-05-20,34.47954177856445,33.76966846653783,34.59938791619688,33.364024564340674
2023-05-21,34.47954177856445,33.76966846653783,34.59938791619688,33.364024564340674
2023-05-22,34.47954177856445,33.76966846653783,34.59938791619688,33.364024564340674
2023-05-23,33.972476959228516,34.44265434158078,35.33691066411232,33.93560312903447
2023-05-24,33.27183151245117,33.56684331309434,33.75122656770084,33.05057090355976
2023-05-25,33.5760612487793,33.33636547702546,33.686693312805474,32.68180825721873
2023-05-26,34.00935745239258,33.65902965701049,34.04623480281547,32.90306155742969
2023-05-27,33.68668746948242,34.23061604773074,34.38733950268861,33.21651007097383
2023-05-28,33.68668746948242,34.23061604773074,34.38733950268861,33.21651007097383
2023-05-29,33.68668746948242,34.23061604773074,34.38733950268861,33.21651007097383
2023-05-30,33.68668746948242,34.23061604773074,34.38733950268861,33.21651007097383
2023-05-31,32.77399444580078,33.234950777012656,33.27182812754586,32.12865487874061
2023-06-01,33.49309158325195,33.2349536242228,33.72356976860276,32.718684739800516
2023-06-02,35.46597671508789,34.21217509177845,35.733328680232816,33.824969994312994
2023-06-03,34.617820739746094,35.53973342797804,35.53973342797804,34.18452416771319
2023-06-04,34.617820739746094,35.53973342797804,35.53973342797804,34.18452416771319
2023-06-05,34.617820739746094,35.53973342797804,35.53973342797804,34.18452416771319
2023-06-06,36.351016998291016,34.36890334349308,37.300585926636295,34.22139745640238
2023-06-07,37.51262664794922,37.18074102874024,37.752325920332105,36.24960722857405
2023-06-08,36.81197738647461,37.106989193124186,37.669356548555605,36.42477219223571
2023-06-09,35.724117279052734,36.53540144326023,36.60915263083298,35.26316092706496
2023-06-10,35.7056770324707,35.79787040890393,36.83041160723209,35.33691407719093
2023-06-11,35.7056770324707,35.79787040890393,36.83041160723209,35.33691407719093
2023-06-12,35.7056770324707,35.79787040890393,36.83041160723209,35.33691407719093
2023-06-13,37.05167007446289,35.7609944070785,37.070108750444966,35.27237828559822
2023-06-14,35.82552719116211,37.07010789839373,37.38355834924864,35.48442048537869
2023-06-15,36.29570007324219,35.429103447641126,36.45242705260591,35.253941310063006
2023-06-16,35.75177764892578,36.14820043859905,36.341801284676244,35.392232215691486
2023-06-17,35.28160095214844,35.58583032734724,35.63192877776288,34.8298621625284
2023-06-18,35.28160095214844,35.58583032734724,35.63192877776288,34.8298621625284
2023-06-19,35.28160095214844,35.58583032734724,35.63192877776288,34.8298621625284
2023-06-20,35.28160095214844,35.58583032734724,35.63192877776288,34.8298621625284
2023-06-21,35.17097473144531,35.217069668087845,35.530520160802624,34.78376952664789
2023-06-22,34.33203125,35.005027113773956,35.005027113773956,34.03701594404329
2023-06-23,33.659034729003906,33.79732305551922,34.30437439137831,33.391682690195594
2023-06-24,33.806541442871094,33.806541442871094,34.73767536108274,33.78810628125946
2023-06-25,33.806541442871094,33.806541442871094,34.73767536108274,33.78810628125946
2023-06-26,33.806541442871094,33.806541442871094,34.73767536108274,33.78810628125946
2023-06-27,34.82986068725586,33.94482533912348,35.18940607763352,33.71434716407956
2023-06-28,34.49797058105469,34.663915143758814,34.81142103096052,34.12920762145932
2023-06-29,35.05112075805664,35.25394267444119,35.78865020379436,34.958927379328294
2023-06-30,34.80220413208008,35.41988394780868,35.493638651260476,34.80220413208008
2023-07-01,35.318477630615234,35.06956077376462,35.7149003822494,34.91283378234701
2023-07-02,35.318477630615234,35.06956077376462,35.7149003822494,34.91283378234701
2023-07-03,35.318477630615234,35.06956077376462,35.7149003822494,34.91283378234701
2023-07-04,34.99580001831055,34.99580001831055,35.64113951523678,34.553282410457015
2023-07-05,34.99580001831055,34.99580001831055,35.64113951523678,34.553282410457015
2023-07-06,34.756107330322266,34.28592991316569,34.83907960883121,33.880289616465085
2023-07-07,35.82552719116211,34.73766995094906,36.24038859917857,34.73766995094906
2023-07-08,36.323360443115234,35.51207631241588,36.47086632898623,35.51207631241588
2023-07-09,36.323360443115234,35.51207631241588,36.47086632898623,35.51207631241588
2023-07-10,36.323360443115234,35.51207631241588,36.47086632898623,35.51207631241588
2023-07-11,36.747440338134766,36.295701573224456,36.90416380715769,35.9545948630786
2023-07-12,37.5771598815918,37.5771598815918,37.955143945675864,37.10698595478198
2023-07-13,38.452980041503906,37.80764041174667,38.572829683971776,37.54028838645103
2023-07-14,37.78919982910156,38.98768553135436,38.98768553135436,37.13463919632978
2023-07-15,38.14874267578125,37.72466022586395,38.43453331830556,37.272925041375764
2023-07-16,38.14874267578125,37.72466022586395,38.43453331830556,37.272925041375764
2023-07-17,38.14874267578125,37.72466022586395,38.43453331830556,37.272925041375764
2023-07-18,39.7620964050293,38.222500341367805,39.82663001377017,38.09343312388605
2023-07-19,40.86839294433594,39.881943089323556,40.942144133873946,39.46708517493406
2023-07-20,42.02078628540039,41.48607518384697,42.140632414933535,40.0386723976671
2023-07-21,41.41231918334961,42.564710124785,42.58314880186614,41.29247305754933
2023-07-22,42.749088287353516,41.47685137164151,42.88737659058282,41.458412696756426
2023-07-23,42.749088287353516,41.47685137164151,42.88737659058282,41.458412696756426
2023-07-24,42.749088287353516,41.47685137164151,42.88737659058282,41.458412696756426
2023-07-25,42.24203872680664,42.63846146065109,43.02566309827528,41.845615992962195
2023-07-26,43.39442443847656,42.99800175157512,43.85538072400686,42.52782788773386
2023-07-27,42.730648040771484,43.51427586888516,43.96601107809247,42.527829658130806
2023-07-28,43.65256118774414,43.65256118774414,43.80006706639806,42.97956539658455
2023-07-29,43.62490463256836,43.74475425715066,43.938355062140694,43.34833155160866
2023-07-30,43.62490463256836,43.74475425715066,43.938355062140694,43.34833155160866
2023-07-31,43.62490463256836,43.74475425715066,43.938355062140694,43.34833155160866
2023-08-01,42.6672477722168,43.51334037362508,43.51334037362508,42.276745131628196
2023-08-02,42.46268844604492,42.0814820418059,42.53707191360324,41.346964807061696
2023-08-03,42.760223388671875,42.32322933655763,42.99266642970297,41.69098398120911
2023-08-04,42.760223388671875,42.49058860984397,43.31808526842677,42.4812889019951
2023-08-05,43.12283706665039,42.97407365156318,43.2716004817376,42.63005537239934
2023-08-06,43.12283706665039,42.97407365156318,43.2716004817376,42.63005537239934
2023-08-07,43.12283706665039,42.97407365156318,43.2716004817376,42.63005537239934
2023-08-08,42.73232650756836,42.611458683617066,42.80670998089152,41.24469250909744
2023-08-09,41.756065368652344,42.481286480352395,42.481286480352395,41.672385736779326
2023-08-10,42.11867904663086,42.00710737812942,42.7695202820215,41.87693984041117
2023-08-11,41.942020416259766,41.70027768164435,42.23954720747941,41.57011015383564
2023-08-12,41.02155303955078,41.5050350630131,41.5050350630131,40.87278961285467
2023-08-13,41.02155303955078,41.5050350630131,41.5050350630131,40.87278961285467
2023-08-14,41.02155303955078,41.5050350630131,41.5050350630131,40.87278961285467
2023-08-15,39.812843322753906,40.324217297737206,40.42649280209372,39.571104123474285
2023-08-16,39.28287887573242,39.63619333564768,39.970911924325314,39.236390971038254
2023-08-17,38.725013732910156,39.53391455765374,39.59899832821934,38.50186684325702
2023-08-18,38.92026138305664,38.33450395627375,39.134108544339476,38.24152816329831
2023-08-19,39.069026947021484,39.18059861414062,39.2456823821934,38.44607774977431
2023-08-20,39.069026947021484,39.18059861414062,39.2456823821934,38.44607774977431
2023-08-21,39.069026947021484,39.18059861414062,39.2456823821934,38.44607774977431
2023-08-22,38.29730987548828,38.89236697321393,39.180594041869654,38.18573822138926
2023-08-23,38.98534393310547,38.195039077034785,39.11551145793602,37.944000187661985
2023-08-24,38.70641326904297,38.86447282257052,39.61758949561109,38.60413777120793
2023-08-25,38.68782043457031,39.08762275010579,39.217790285991875,38.25082638112471
2023-08-26,39.32936096191406,39.069025896701724,39.571103705439164,38.864474890149594
2023-08-27,39.32936096191406,39.069025896701724,39.571103705439164,38.864474890149594
2023-08-28,39.32936096191406,39.069025896701724,39.571103705439164,38.864474890149594
2023-08-29,39.7756462097168,39.37584395406505,40.21264019770797,38.79009013031381
2023-08-30,39.459529876708984,39.58040125270542,39.943011833895355,39.29217060126757
2023-08-31,39.431636810302734,39.55250818312317,40.10107389447836,39.21778964103536
2023-09-01,40.50087356567383,39.94300818292737,40.76120861620941,39.682673132391784
2023-09-02,39.87792205810547,40.240532584671776,40.64963455047897,39.85932619176888
2023-09-03,39.87792205810547,40.240532584671776,40.64963455047897,39.85932619176888
2023-09-04,39.87792205810547,40.240532584671776,40.64963455047897,39.85932619176888
2023-09-05,39.87792205810547,40.240532584671776,40.64963455047897,39.85932619176888
2023-09-06,38.725013732910156,39.664082098784945,40.11037233129173,38.46467510384825
2023-09-07,38.08346176147461,38.42747996865369,38.929554172765805,37.99048597654984
2023-09-08,38.585540771484375,38.26941812690628,38.76219618732547,37.730152172507744
2023-09-09,38.7621955871582,38.799387320485415,39.24567748001521,38.36239332088797
2023-09-10,38.7621955871582,38.799387320485415,39.24567748001521,38.36239332088797
2023-09-11,38.7621955871582,38.799387320485415,39.24567748001521,38.36239332088797
2023-09-12,39.47812271118164,39.34795518402188,39.812841236334805,38.81798536812908
2023-09-13,39.041133880615234,39.664079514527295,39.775651178684825,38.55765194020027
2023-09-14,39.003936767578125,39.58039442420261,39.89651705140935,38.7993857891506
2023-09-15,38.71571350097656,38.50186632246793,39.05972821885571,38.35310291364456
2023-09-16,38.00907897949219,38.58553660555593,38.58553660555593,37.94399522558815
2023-09-17,38.00907897949219,38.58553660555593,38.58553660555593,37.94399522558815
2023-09-18,38.00907897949219,38.58553660555593,38.58553660555593,37.94399522558815
2023-09-19,37.6557731628418,38.0741713517888,38.31591055718075,37.20948294356478
2023-09-20,37.73015213012695,38.046271227551,38.35309771170817,37.70225655633151
2023-09-21,37.32105255126953,37.4512200813558,37.944001719709924,37.088609519887136
2023-09-22,37.38613510131836,37.3675392337962,37.66506602055255,36.87476115825582
2023-09-23,37.61858367919922,37.125805530904486,37.82313470534402,37.125805530904486
2023-09-24,37.61858367919922,37.125805530904486,37.82313470534402,37.125805530904486
2023-09-25,37.61858367919922,37.125805530904486,37.82313470534402,37.125805530904486
2023-09-26,37.06072235107422,37.070018512956935,37.748751827983675,36.87476719222314
2023-09-27,36.270408630371094,37.38613587726374,37.41403145252548,35.982181544793235
2023-09-28,36.82827377319336,36.25181605921462,37.237372223952605,36.149540559825034
2023-09-29,37.47911834716797,37.36754313040022,38.12995604431597,37.172291821255826
2023-09-30,36.707401275634766,37.43262236272027,37.674365089614774,36.437766521328975
2023-10-01,36.707401275634766,37.43262236272027,37.674365089614774,36.437766521328975
2023-10-02,36.707401275634766,37.43262236272027,37.674365089614774,36.437766521328975
2023-10-03,35.675357818603516,36.46566630555601,36.46566630555601,35.359235133182395
2023-10-04,35.796226501464844,35.67535513316133,35.90779816239162,34.857158223966096
2023-10-05,36.61442947387695,35.5544897552277,36.81897694183422,35.5544897552277
2023-10-06,36.818973541259766,36.17743207259264,37.274563428376354,35.982180783885134
2023-10-07,36.567935943603516,36.363384960342835,36.78178308664929,36.168133683666106
2023-10-08,36.567935943603516,36.363384960342835,36.78178308664929,36.168133683666106
2023-10-09,36.567935943603516,36.363384960342835,36.78178308664929,36.168133683666106
2023-10-10,37.246665954589844,36.94913921145211,37.63716847490866,36.791076134086005
2023-10-11,37.181583404541016,37.2838553440307,37.91610058035988,36.828269055580904
2023-10-12,36.72599792480469,37.24667157729516,37.30245563330547,36.36338737354131
2023-10-13,35.898502349853516,37.08860953607508,37.31175640689122,35.69395134717199
2023-10-14,36.958438873291016,36.42846909017264,37.18158572519296,36.372681490497435
2023-10-15,36.958438873291016,36.42846909017264,37.18158572519296,36.372681490497435
2023-10-16,36.958438873291016,36.42846909017264,37.18158572519296,36.372681490497435
2023-10-17,37.8789176940918,37.86032182609323,38.30661201766142,37.39543576652646
2023-10-18,36.55863571166992,37.35824022005437,37.45121600376469,36.49355195371294
2023-10-19,37.3117561340332,36.63302291267979,38.44607570755575,36.52144770468807
2023-10-20,35.50799560546875,37.20018056199232,37.3210519294009,35.43361568100133
2023-10-21,35.154685974121094,35.294149667374285,36.12164630646068,35.04311076335944
2023-10-22,35.154685974121094,35.294149667374285,36.12164630646068,35.04311076335944
2023-10-23,35.154685974121094,35.294149667374285,36.12164630646068,35.04311076335944
2023-10-24,34.51313781738281,35.25695475480075,35.507993636204105,34.30859037634221
2023-10-25,34.364376068115234,34.317888172335245,34.503843302254296,33.80651422515716
2023-10-26,35.396427154541016,34.40157119034789,35.71254984248646,34.271403650629075
2023-10-27,34.224918365478516,35.21977440569093,35.21977440569093,33.945983848424795
2023-10-28,34.95013427734375,34.70839508573473,35.02451420291607,34.11333794716027
2023-10-29,34.95013427734375,34.70839508573473,35.02451420291607,34.11333794716027
2023-10-30,34.95013427734375,34.70839508573473,35.02451420291607,34.11333794716027
2023-10-31,35.30345153808594,35.02451704089042,35.3406397304858,34.69909818989495
2023-11-01,35.28485870361328,35.20117905661658,35.4894061932054,34.568933623041445
2023-11-02,37.229984283447266,35.74529718343006,37.24877824478693,35.54796596623603
2023-11-03,38.80863571166992,38.13207112185863,39.05295359001433,37.93473634794012
2023-11-04,38.37638854980469,38.77105096071143,38.949591790524714,38.150864611728416
2023-11-05,38.37638854980469,38.77105096071143,38.949591790524714,38.150864611728416
2023-11-06,38.37638854980469,38.77105096071143,38.949591790524714,38.150864611728416
2023-11-07,37.77499771118164,38.06629514511469,38.197852872063606,37.65283875701984
2023-11-08,37.42731857299805,37.80318704090238,37.80318704090238,37.2957608454209
2023-11-09,36.3278923034668,37.43671082839375,37.483693935128365,36.233926089997574
2023-11-10,36.97626876831055,36.64738342779112,37.00446150077033,36.22452828670803
2023-11-11,37.48369216918945,36.694363825658634,37.511881314985914,36.37487369650137
2023-11-12,37.48369216918945,36.694363825658634,37.511881314985914,36.37487369650137
2023-11-13,37.48369216918945,36.694363825658634,37.511881314985914,36.37487369650137
2023-11-14,40.133583068847656,38.77105140608114,40.54704302930674,38.395182951078205
2023-11-15,40.058406829833984,39.97383580856302,40.922907416531785,39.832882911584385
2023-11-16,40.02082443237305,40.03961839353433,40.13358461475921,39.306671831151924
2023-11-17,40.575225830078125,40.575225830078125,41.04506401376631,40.27452967928416
2023-11-18,41.08265686035156,40.434277794898236,41.298782020642236,40.030216621656145
2023-11-19,41.08265686035156,40.434277794898236,41.298782020642236,40.030216621656145
2023-11-20,41.08265686035156,40.434277794898236,41.298782020642236,40.030216621656145
2023-11-21,40.6973876953125,40.819543050979135,41.317573999105655,40.43427585596492
2023-11-22,40.50945281982422,41.10144999412082,41.110845181518,40.43427698232188
2023-11-23,40.51884841918945,40.960497507553,40.960497507553,40.18056431615195
2023-11-24,40.51884841918945,40.960497507553,40.960497507553,40.18056431615195
2023-11-25,40.631614685058594,40.17117160870206,40.71618571603912,39.926857288414695
2023-11-26,40.631614685058594,40.17117160870206,40.71618571603912,39.926857288414695
2023-11-27,40.631614685058594,40.17117160870206,40.71618571603912,39.926857288414695
2023-11-28,40.6598014831543,40.58462564459271,40.79135561605579,40.124186179437494
2023-11-29,41.85319137573242,41.06386298733427,42.463978938388024,40.83833905439995
2023-11-30,42.14448928833008,41.937762897330884,42.72709129504227,41.31757655517061
2023-12-01,43.97685623168945,42.088108183548364,44.43729925986277,41.7874120125466
2023-12-02,44.6158332824707,43.516413658424064,44.7098030695137,43.516413658424064
2023-12-03,44.6158332824707,43.516413658424064,44.7098030695137,43.516413658424064
2023-12-04,44.6158332824707,43.516413658424064,44.7098030695137,43.516413658424064
2023-12-05,43.88289260864258,44.29634897199115,44.52187290582394,43.864098648774736
2023-12-06,43.88289260864258,44.484284986088255,45.39577232448136,43.84530468890689
2023-12-07,44.1553955078125,44.19297983944123,44.39970979401366,43.817111431087056
2023-12-08,45.0105094909668,44.20238706087558,45.095080526315456,43.77953188413231
2023-12-09,45.12326431274414,44.84136208995239,45.33938946970386,44.66282126733866
2023-12-10,45.12326431274414,44.84136208995239,45.33938946970386,44.66282126733866
2023-12-11,45.12326431274414,44.84136208995239,45.33938946970386,44.66282126733866
2023-12-12,44.79437255859375,45.019896473275445,45.160849368024124,44.65342324842609
2023-12-13,47.12477493286133,44.81316816455949,47.199947184131815,44.55005990824105
2023-12-14,49.96259307861328,48.318159358496274,50.16932303620821,47.92349698626709
2023-12-15,47.98928451538086,49.652512556648766,49.7840667094188,47.7355713987893
2023-12-16,47.46305847167969,48.27118083578982,48.72222512596217,47.37848744323604
2023-12-17,47.46305847167969,48.27118083578982,48.72222512596217,47.37848744323604
2023-12-18,47.46305847167969,48.27118083578982,48.72222512596217,47.37848744323604
2023-12-19,48.0738525390625,47.63220340996454,48.44972459590097,47.331507198326406
2023-12-20,47.28451919555664,47.80134053180569,48.374543746122015,47.256330048813616
2023-12-21,47.716773986816406,47.78255105844633,48.045662929547596,47.28452363479645
2023-12-22,47.60401153564453,48.08324497533168,48.51549889132994,47.44426825060928
2023-12-23,48.44972229003906,47.90470819202023,48.60946557661473,47.59461680678099
2023-12-24,48.44972229003906,47.90470819202023,48.60946557661473,47.59461680678099
2023-12-25,48.44972229003906,47.90470819202023,48.60946557661473,47.59461680678099
2023-12-26,48.44972229003906,47.90470819202023,48.60946557661473,47.59461680678099
2023-12-27,48.22419738769531,48.402734631114846,48.66584648696316,47.93289638409164
2023-12-28,48.46851348876953,47.97988129980923,48.55308092890416,47.97988129980923
2023-12-29,47.697975158691406,48.30876628673861,48.45911437577745,47.679184784070095
2023-12-30,48.17721176147461,47.19055221121918,48.722222235549125,46.98382224626962
2023-12-31,48.17721176147461,47.19055221121918,48.722222235549125,46.98382224626962
2024-01-01,48.17721176147461,47.19055221121918,48.722222235549125,46.98382224626962
2024-01-02,48.17721176147461,47.19055221121918,48.722222235549125,46.98382224626962
2024-01-03,46.786495208740234,47.46305987166422,47.8671210656376,46.60795437421436
2024-01-04,47.199947357177734,46.166304702496156,47.59461332768348,46.01595661482282
2024-01-05,48.37454605102539,46.85227111648938,48.68464101829866,46.711318206895825
2024-01-06,48.289974212646484,48.0362611303802,48.38394401232733,47.688581833014396
2024-01-07,48.289974212646484,48.0362611303802,48.38394401232733,47.688581833014396
2024-01-08,48.289974212646484,48.0362611303802,48.38394401232733,47.688581833014396
2024-01-09,47.79194641113281,47.41607438479066,47.820135558505015,47.19055403665041
2024-01-10,47.90470886230469,47.75436076153744,48.07385092374052,47.14356958584343
2024-01-11,47.1905517578125,47.76375495724264,48.05505235823878,46.74890268587495
2024-01-12,46.74890899658203,47.632203675113296,47.895315550197495,46.4012296720491
2024-01-13,46.48579788208008,45.94078378819805,46.50459184234305,45.67767551367921
2024-01-14,46.48579788208008,45.94078378819805,46.50459184234305,45.67767551367921
2024-01-15,46.48579788208008,45.94078378819805,46.50459184234305,45.67767551367921
2024-01-16,46.48579788208008,45.94078378819805,46.50459184234305,45.67767551367921
2024-01-17,45.84681701660156,45.67767496086325,46.42941543937722,45.37697876945766
2024-01-18,46.14751434326172,46.17570349171778,46.5233827994746,45.62129420306595
2024-01-19,47.28451919555664,46.07233570146945,47.312708342299665,45.89379846446159
2024-01-20,48.0550537109375,47.444266161160115,48.24298972032332,47.31270844538318
2024-01-21,48.0550537109375,47.444266161160115,48.24298972032332,47.31270844538318
2024-01-22,48.0550537109375,47.444266161160115,48.24298972032332,47.31270844538318
2024-01-23,46.94623565673828,47.923500047416475,48.48730449649475,46.93684046923886
2024-01-24,48.30876541137695,47.73556221212128,49.257837034128336,47.67918392011654
2024-01-25,48.346351623535156,48.80679105337569,49.08869684177879,47.72616534129413
2024-01-26,48.12083435058594,48.57187865586332,48.95714589065743,48.10204038979336
2024-01-27,49.3893928527832,48.11143237581086,49.39878803956344,47.9234963789771
2024-01-28,49.3893928527832,48.11143237581086,49.39878803956344,47.9234963789771
2024-01-29,49.3893928527832,48.11143237581086,49.39878803956344,47.9234963789771
2024-01-30,49.210853576660156,49.24844149411474,49.58672558204381,49.004127199822136
2024-01-31,46.49519348144531,47.472457916281215,48.18661048968811,46.45760556058668
2024-02-01,44.32453918457031,46.8146833658843,46.98382542417786,42.74588594813283
2024-02-02,45.130096435546875,43.77486642456439,45.47127372715625,43.68009656144557
2024-02-03,44.59938049316406,44.62781072973756,45.17748245651074,44.18238440881342
2024-02-04,44.59938049316406,44.62781072973756,45.17748245651074,44.18238440881342
2024-02-05,44.59938049316406,44.62781072973756,45.17748245651074,44.18238440881342
2024-02-06,43.727481842041016,44.618334469518246,45.03532693190342,43.215715900542
2024-02-07,43.05461120605469,44.0117999527038,44.08761874444261,42.211147031774814
2024-02-08,43.21571731567383,42.72290966909878,43.727483273931014,42.46702668997019
2024-02-09,44.296112060546875,43.16833115331725,44.32454229678339,42.722908452911284
2024-02-10,44.99742126464844,44.2771608399609,45.64186651500833,44.239251445177636
2024-02-11,44.99742126464844,44.2771608399609,45.64186651500833,44.239251445177636
2024-02-12,44.99742126464844,44.2771608399609,45.64186651500833,44.239251445177636
2024-02-13,43.65166473388672,43.47159693919284,44.144475957659935,42.978785715419626
2024-02-14,44.580421447753906,44.29610826404074,44.62780637583305,43.68009335329698
2024-02-15,45.622901916503906,44.78891348845932,46.030418783887164,44.78891348845932
2024-02-16,44.80786895751953,45.13957067277153,45.52813285360409,44.78891426391329
2024-02-17,44.74153518676758,44.21081815736254,45.07323694538435,44.09708998085692
2024-02-18,44.74153518676758,44.21081815736254,45.07323694538435,44.09708998085692
2024-02-19,44.74153518676758,44.21081815736254,45.07323694538435,44.09708998085692
2024-02-20,44.74153518676758,44.21081815736254,45.07323694538435,44.09708998085692
2024-02-21,44.68467712402344,44.44774883304821,44.779446994318,43.87911876556437
2024-02-22,44.646766662597656,44.7225818339733,45.33859682187953,44.30558935331044
2024-02-23,44.73206329345703,44.71310859582734,44.96899159096979,44.26768223962689
2024-02-24,44.24871826171875,44.51408035764114,44.997412392492876,44.182378641547686
2024-02-25,44.24871826171875,44.51408035764114,44.997412392492876,44.182378641547686
2024-02-26,44.24871826171875,44.51408035764114,44.997412392492876,44.182378641547686
2024-02-27,45.29120635986328,44.66571590759363,45.30068189941418,44.55198774155313
2024-02-28,44.60885238647461,44.69414670446023,45.23434284662305,44.58042215222551
2024-02-29,45.1490478515625,45.24382132303545,45.840877924742735,44.79839504520831
2024-03-01,44.78891372680664,44.34349108573498,44.94054765860003,43.56636673338908
2024-03-02,44.73206329345703,45.42389348836562,45.95461417628022,44.352976571341046
2024-03-03,44.73206329345703,45.42389348836562,45.95461417628022,44.352976571341046
2024-03-04,44.73206329345703,45.42389348836562,45.95461417628022,44.352976571341046
2024-03-05,46.56114196777344,44.495127282401214,46.69382121294148,44.409832965473434
2024-03-06,46.400028228759766,46.513756393242126,47.0160431330387,45.006892558614155
2024-03-07,46.2673454284668,46.940220748018966,47.25296775344454,46.248390735843614
2024-03-08,46.14414978027344,47.006568561200986,47.196111905245864,46.02094967959707
2024-03-09,46.257877349853516,46.011469921251596,46.57062079047775,45.774541648108965
2024-03-10,46.257877349853516,46.011469921251596,46.57062079047775,45.774541648108965
2024-03-11,46.257877349853516,46.011469921251596,46.57062079047775,45.774541648108965
2024-03-12,46.049373626708984,46.35264148966676,46.542184807824896,45.73662660946235
2024-03-13,46.56114196777344,46.134670383134534,46.99708909196508,46.134670383134534
2024-03-14,45.58499526977539,46.28630450226287,46.703296933728915,45.414406635257855
2024-03-15,45.51865768432617,45.310163266880195,46.21048779295181,45.310163266880195
2024-03-16,45.442840576171875,45.67976883400881,45.83140277441492,45.17747846903246
2024-03-17,45.442840576171875,45.67976883400881,45.83140277441492,45.17747846903246
2024-03-18,45.442840576171875,45.67976883400881,45.83140277441492,45.17747846903246
2024-03-19,45.76506042480469,45.28172478308052,45.96407928187318,45.26277008975427
2024-03-20,47.11081314086914,45.575519067764446,47.37617524361633,45.385975741584524
2024-03-21,48.21963882446289,47.385650365758835,48.39970299436702,47.196107041248155
2024-03-22,46.968658447265625,48.29545450257973,48.66506200095465,46.94022459837953
2024-03-23,47.385650634765625,46.96865821066545,47.651009121444076,46.96865821066545
2024-03-24,47.385650634765625,46.96865821066545,47.651009121444076,46.96865821066545
2024-03-25,47.385650634765625,46.96865821066545,47.651009121444076,46.96865821066545
2024-03-26,46.94970703125,47.72683147061683,47.76474086161973,46.84545801361129
2024-03-27,48.153297424316406,47.12029013989414,48.181727656609375,47.110810985637755
2024-03-28,48.115394592285156,48.25754938835313,48.560820906823004,47.963760640669506
2024-03-29,46.94970703125,48.15330308130314,48.15330308130314,46.82650331810984
2024-03-30,46.94970703125,48.15330308130314,48.15330308130314,46.82650331810984
2024-03-31,46.94970703125,48.15330308130314,48.15330308130314,46.82650331810984
2024-04-01,46.94970703125,48.15330308130314,48.15330308130314,46.82650331810984
2024-04-02,45.93565368652344,46.447415997040196,46.63695933419825,45.83140467032458
2024-04-03,45.96408462524414,45.888265843125126,46.47585055883194,45.75558658965537
2024-04-04,45.509178161621094,46.551661003334495,46.63695531694654,45.414404693586505
2024-04-05,45.48075485229492,45.36702667334076,45.70820397972586,45.27225680611765
2024-04-06,46.238914489746094,45.57551471903583,46.48531825960184,45.4902204111554
2024-04-07,46.238914489746094,45.57551471903583,46.48531825960184,45.4902204111554
2024-04-08,46.238914489746094,45.57551471903583,46.48531825960184,45.4902204111554
2024-04-09,46.068336486816406,46.14415165837694,46.50428366519602,45.75558941412751
2024-04-10,44.457218170166016,45.20591233282796,45.20591233282796,43.82225217427385
2024-04-11,44.2392463684082,44.61833304226013,44.71310290310389,43.964408710627474
2024-04-12,43.81277847290039,43.680099210392406,44.182386022812274,43.585329341526354
2024-04-13,43.433685302734375,44.22028515444842,44.78891146616368,43.18727791648328
2024-04-14,43.433685302734375,44.22028515444842,44.78891146616368,43.18727791648328
2024-04-15,43.433685302734375,44.22028515444842,44.78891146616368,43.18727791648328
2024-04-16,42.96930694580078,43.17780495967438,43.215710731547475,42.656559924990376
2024-04-17,43.026180267333984,43.31049350125473,43.528467101101946,42.91245208157455
2024-04-18,42.9029655456543,43.06407501133433,43.367342865163316,42.55231276752165
2024-04-19,43.964412689208984,42.74186185140154,43.99284292698723,42.64709198198154
2024-04-20,44.70362091064453,44.116039857181015,44.91211892955407,43.72747766800121
2024-04-21,44.70362091064453,44.116039857181015,44.91211892955407,43.72747766800121
2024-04-22,44.70362091064453,44.116039857181015,44.91211892955407,43.72747766800121
2024-04-23,42.53335952758789,43.424208426735014,43.67061582591148,42.182703122239694
2024-04-24,43.15885543823242,41.77519517999948,43.23467060630235,41.69937639669098
2024-04-25,43.10198974609375,42.77029161956439,43.301008622011366,42.476499268039504
2024-04-26,42.67551803588867,43.10198963694533,43.784344198636,42.55231794076886
2024-04-27,42.542842864990234,42.60918249648933,43.196767254393876,42.42911829888303
2024-04-28,42.542842864990234,42.60918249648933,43.196767254393876,42.42911829888303
2024-04-29,42.542842864990234,42.60918249648933,43.196767254393876,42.42911829888303
2024-04-30,41.53826904296875,42.230099207693314,42.67552192922139,41.5098351901453
2024-05-01,42.059505462646484,41.907871521810755,42.722905309517174,41.59512448526551
2024-05-02,42.45754623413086,42.55231971344628,42.72290836097546,41.879440663641816
2024-05-03,42.95478820800781,43.10779185223248,43.65285456745605,42.801788211590804
2024-05-04,44.083168029785156,43.39466981545694,44.130983496284124,43.21297979749993
2024-05-05,44.083168029785156,43.39466981545694,44.130983496284124,43.21297979749993
2024-05-06,44.083168029785156,43.39466981545694,44.130983496284124,43.21297979749993
2024-05-07,43.64329528808594,44.255295347686214,44.35092263687882,43.58592256237847
2024-05-08,43.901485443115234,43.28948535638822,44.02579910067174,43.16517169883171
2024-05-09,43.939735412597656,43.79629629944924,44.25529635459272,43.54767263750792
2024-05-10,43.87279510498047,44.083167835857104,44.15966966367255,43.671979630868876
2024-05-11,43.49986267089844,44.197925512521294,44.24573733634044,43.47117265836029
2024-05-12,43.49986267089844,44.197925512521294,44.24573733634044,43.47117265836029
2024-05-13,43.49986267089844,44.197925512521294,44.24573733634044,43.47117265836029
2024-05-14,44.188358306884766,43.94929555432926,44.28398559659183,43.55723278605057
2024-05-15,44.59954833984375,44.58998743438978,44.93423839566469,44.16923463825011
2024-05-16,44.31267547607422,44.40829912556148,44.80036192495269,44.264863651330586
2024-05-17,44.61866760253906,44.542169426105566,44.9342321558226,44.38916577762306
2024-05-18,44.12142562866211,44.61867664356432,44.82905305504831,44.11186472259852
2024-05-19,44.12142562866211,44.61867664356432,44.82905305504831,44.11186472259852
2024-05-20,44.12142562866211,44.61867664356432,44.82905305504831,44.11186472259852
2024-05-21,43.968421936035156,44.092735591362086,44.40829653450498,43.71023372011378
2024-05-22,43.14604949951172,43.9206142196804,43.99711241239603,43.06955130679609
2024-05-23,41.92204666137695,43.27992141708863,43.27992141708863,41.84554482554673
2024-05-24,42.39060974121094,42.08460605685196,42.400170646437076,41.84554330030863
2024-05-25,41.902923583984375,42.37148823555473,42.48623734801355,41.74992355143643
2024-05-26,41.902923583984375,42.37148823555473,42.48623734801355,41.74992355143643
2024-05-27,41.902923583984375,42.37148823555473,42.48623734801355,41.74992355143643
2024-05-28,41.902923583984375,42.37148823555473,42.48623734801355,41.74992355143643
2024-05-29,41.01360321044922,41.17616777098379,41.17616777098379,40.55460318604658
2024-05-30,41.62560272216797,41.63516727444865,41.816853641894795,41.271790891748466
2024-05-31,42.285423278808594,41.816858651732225,42.32367054908983,41.68298408622707
2024-06-01,40.89885711669922,42.66792006852006,42.66792006852006,40.7458570973407
2024-06-02,40.89885711669922,42.66792006852006,42.66792006852006,40.7458570973407
2024-06-03,40.89885711669922,42.66792006852006,42.66792006852006,40.7458570973407
2024-06-04,39.990413665771484,40.47810368363649,40.573727317668784,39.97128820940346
2024-06-05,39.84698486328125,40.26773771648363,40.30598863910362,39.827863049780014
2024-06-06,39.84698486328125,39.933047615271846,40.18167496449303,39.550549332498214
2024-06-07,39.61748123168945,39.46448120983982,39.904355816681495,39.44535575113258
2024-06-08,39.13936233520508,38.995923194515264,39.44536243072172,38.594299437078
2024-06-09,39.13936233520508,38.995923194515264,39.44536243072172,38.594299437078
2024-06-10,39.13936233520508,38.995923194515264,39.44536243072172,38.594299437078
2024-06-11,38.5273551940918,38.76641795357689,38.98635525456619,38.36479062078166
2024-06-12,39.54098129272461,39.55054584644095,40.229483247963586,38.99591846076323
2024-06-13,38.775978088378906,39.30191541923324,39.30191541923324,38.297852578909854
2024-06-14,37.905792236328125,38.27872957396514,38.59429418138623,37.657168560506236
2024-06-15,38.78554153442383,37.905788725248165,38.81422789687468,37.618914157315594
2024-06-16,38.78554153442383,37.905788725248165,38.81422789687468,37.618914157315594
2024-06-17,38.78554153442383,37.905788725248165,38.81422789687468,37.618914157315594
2024-06-18,38.98635482788086,38.68991569615275,39.08197847150506,38.508229314143506
2024-06-19,39.1202278137207,38.709039596629815,39.31147874108056,38.709039596629815
2024-06-20,39.1202278137207,38.709039596629815,39.31147874108056,38.709039596629815
2024-06-21,39.07242202758789,39.053296567117656,39.07242202758789,38.52735917151623
2024-06-22,40.296417236328125,39.129789829343416,40.67891910190584,39.091542561032156
2024-06-23,40.296417236328125,39.129789829343416,40.67891910190584,39.091542561032156
2024-06-24,40.296417236328125,39.129789829343416,40.67891910190584,39.091542561032156
2024-06-25,39.83742141723633,40.0191078163872,40.334672436174436,39.64617046413574
2024-06-26,39.83742141723633,39.47404497112607,39.90435870365025,39.33060949215702
2024-06-27,39.64616775512695,39.65573230842313,39.818293236375354,39.30191679263015
2024-06-28,41.682979583740234,39.980854038505306,41.740355954676936,39.980854038505306
2024-06-29,42.323665618896484,41.59691649889382,42.65835564148037,41.59691649889382
2024-06-30,42.323665618896484,41.59691649889382,42.65835564148037,41.59691649889382
2024-07-01,42.323665618896484,41.59691649889382,42.65835564148037,41.59691649889382
2024-07-02,43.155609130859375,42.14198174638673,43.30860914664694,42.14198174638673
2024-07-03,41.54910659790039,43.05042037312504,43.23210674955705,41.52998114020101
2024-07-04,41.16660690307617,41.41523421842687,41.89335974261546,41.01360688124815
2024-07-05,41.16660690307617,41.41523421842687,41.89335974261546,41.01360688124815
2024-07-06,40.96579360961914,41.157044542092564,41.68298187053838,40.66935448189493
2024-07-07,40.96579360961914,41.157044542092564,41.68298187053838,40.66935448189493
2024-07-08,40.96579360961914,41.157044542092564,41.68298187053838,40.66935448189493
2024-07-09,41.682979583740234,40.77454044018607,41.77860322082681,40.640665889141694
2024-07-10,42.52448272705078,41.472604448513756,42.562729994347656,41.41523172366441
2024-07-11,44.513484954833984,43.17473569436415,44.59954769390626,43.05042203841349
2024-07-12,44.685611724853516,44.70473718384563,45.058549055679045,44.26486257045184
2024-07-13,45.794864654541016,45.90005285932632,46.12955472865868,45.34542546966141
2024-07-14,45.794864654541016,45.90005285932632,46.12955472865868,45.34542546966141
2024-07-15,45.794864654541016,45.90005285932632,46.12955472865868,45.34542546966141
2024-07-16,47.42048645019531,45.97654906915567,47.716925568494474,45.804423600183
2024-07-17,46.91367721557617,46.89455175708812,48.30023830178189,46.684175361527764
2024-07-18,46.349491119384766,46.6363657144698,47.64999317476584,46.00524014615938
2024-07-19,45.72792434692383,46.263426241433386,46.97104996680537,45.66098706608616
2024-07-20,46.655487060546875,45.64185968961559,46.69373797593479,45.12548327530297
2024-07-21,46.655487060546875,45.64185968961559,46.69373797593479,45.12548327530297
2024-07-22,46.655487060546875,45.64185968961559,46.69373797593479,45.12548327530297
2024-07-23,43.99710464477539,39.72266537486844,44.848171055213776,39.72266537486844
2024-07-24,44.3317985534668,44.29354763660386,45.41236324409153,44.13098671164867
2024-07-25,46.47379684448242,44.6186712295247,46.76067506089927,44.29354574568592
2024-07-26,47.047550201416016,46.7511110764922,47.210111121407465,46.31123648942442
2024-07-27,46.55586624145508,47.16323976198819,47.20180421089107,46.06417871221406
2024-07-28,46.55586624145508,47.16323976198819,47.20180421089107,46.06417871221406
2024-07-29,46.55586624145508,47.16323976198819,47.20180421089107,46.06417871221406
2024-07-30,47.577796936035156,46.912576762524544,47.722411776137015,46.391967751407634
2024-07-31,47.838104248046875,47.53923895494187,48.619017810535034,47.0668336369089
2024-08-01,44.550559997558594,47.81882171996506,48.0116402909545,44.328819928118655
2024-08-02,42.51633071899414,43.18155459678989,43.18155459678989,41.93787869089273
2024-08-03,40.964149475097656,40.424258228791146,41.446194048607964,39.411965359961144
2024-08-04,40.964149475097656,40.424258228791146,41.446194048607964,39.411965359961144
2024-08-05,40.964149475097656,40.424258228791146,41.446194048607964,39.411965359961144
2024-08-06,41.417266845703125,40.896657849149314,42.45848483881075,40.72312519467276
2024-08-07,41.09912109375,42.12105322905806,42.439204410757654,40.954506251575964
2024-08-08,42.3813591003418,41.793264117240014,42.61274211971449,41.532963277294684
2024-08-09,42.8151969909668,42.44884210143667,42.97909405116767,42.284948718943866
2024-08-10,42.09212875366211,43.21047193053212,43.94318168506885,41.84146721303088
2024-08-11,42.09212875366211,43.21047193053212,43.94318168506885,41.84146721303088
2024-08-12,42.09212875366211,43.21047193053212,43.94318168506885,41.84146721303088
2024-08-13,42.32351303100586,42.57417457922843,42.57417457922843,41.43654914513232
2024-08-14,42.56454086303711,42.593462362993904,42.65130904061603,41.92824212002791
2024-08-15,43.74072265625,43.57682926998233,44.34809983593522,43.43221442986884
2024-08-16,43.94318771362305,43.57683278609454,44.328821188861276,43.480421659003646
2024-08-17,44.2324104309082,43.91425925186853,44.377021594165,43.77928736174559
2024-08-18,44.2324104309082,43.91425925186853,44.377021594165,43.77928736174559
2024-08-19,44.2324104309082,43.91425925186853,44.377021594165,43.77928736174559
2024-08-20,43.422576904296875,43.9913896591488,44.19384750128891,43.22975833562179
2024-08-21,43.49006271362305,43.74072427770915,43.74072427770915,42.95017145858829
2024-08-22,43.451499938964844,43.499703663411154,44.00103048861135,43.345449538557894
2024-08-23,45.69782638549805,43.923902233273196,45.79423382773633,43.79856961619689
2024-08-24,45.0229606628418,46.17022534129706,46.26663645568908,44.974756944499774
2024-08-25,45.0229606628418,46.17022534129706,46.26663645568908,44.974756944499774
2024-08-26,45.0229606628418,46.17022534129706,46.26663645568908,44.974756944499774
2024-08-27,44.93619155883789,44.77229450665359,45.032598993505445,44.251689210657766
2024-08-28,45.206138610839844,44.76265849473387,45.23506010780515,44.50235398892172
2024-08-29,45.57249450683594,45.63998045303784,46.006335359354104,44.6662520309044
2024-08-30,45.72675323486328,45.688188782370794,45.948493320132144,45.167579706848095
2024-08-31,44.994041442871094,45.30255337203707,45.92920914881271,44.84943026871139
2024-09-01,44.994041442871094,45.30255337203707,45.92920914881271,44.84943026871139
2024-09-02,44.994041442871094,45.30255337203707,45.92920914881271,44.84943026871139
2024-09-03,44.994041442871094,45.30255337203707,45.92920914881271,44.84943026871139
2024-09-04,44.078155517578125,44.7240934593709,45.20613801690274,43.65395395321691
2024-09-05,43.15262985229492,44.58912434115292,44.58912434115292,43.085143904265514
2024-09-06,41.9185905456543,43.32615964554789,43.68287523427906,41.85110460783117
2024-09-07,43.085140228271484,42.15961558194051,43.28760173279416,41.66793176286094
2024-09-08,43.085140228271484,42.15961558194051,43.28760173279416,41.66793176286094
2024-09-09,43.085140228271484,42.15961558194051,43.28760173279416,41.66793176286094
2024-09-10,43.220115661621094,43.220115661621094,43.35508754576164,42.03428284476793
2024-09-11,42.3813591003418,42.68986734103317,42.68986734103317,41.012354241987374
2024-09-12,42.15961837768555,42.51633033587679,42.61274145816379,41.68721675045818
2024-09-13,43.085140228271484,42.477766747827545,43.10442245145022,42.36207340875516
2024-09-14,43.55754852294922,43.33580845757637,43.97210715577489,42.959814273782925
2024-09-15,43.55754852294922,43.33580845757637,43.97210715577489,42.959814273782925
2024-09-16,43.55754852294922,43.33580845757637,43.97210715577489,42.959814273782925
2024-09-17,44.31917953491211,43.96246390039534,44.849427833456275,43.644316392352145
2024-09-18,45.10973358154297,44.52163859374385,46.343766554165136,43.93354360594474
2024-09-19,46.62335205078125,46.26664009375154,46.758323943835286,45.39895838453521
2024-09-20,46.30520248413086,46.44017438190488,46.488381783431365,45.861722340670966
2024-09-21,45.72675323486328,46.40161644264731,46.58479207542369,45.341116065355656
2024-09-22,45.72675323486328,46.40161644264731,46.58479207542369,45.341116065355656
2024-09-23,45.72675323486328,46.40161644264731,46.58479207542369,45.341116065355656
2024-09-24,44.73373794555664,45.688184142715215,46.353408008676645,44.67589127269227
2024-09-25,43.827491760253906,44.71445568831268,44.71445568831268,43.27796124042624
2024-09-26,44.46379089355469,44.598762787108875,44.9458354720815,44.136000433048125
2024-09-27,44.724098205566406,44.868713059255974,45.25434653958064,44.4830759012228
2024-09-28,44.93619155883789,44.60840113217717,45.360389420166165,44.560197414843394
2024-09-29,44.93619155883789,44.60840113217717,45.360389420166165,44.560197414843394
2024-09-30,44.93619155883789,44.60840113217717,45.360389420166165,44.560197414843394
2024-10-01,43.2490348815918,44.56019656317475,44.56019656317475,42.96944817760853
2024-10-02,42.73807144165039,43.16226932041843,43.65395314176984,42.641660325311264
2024-10-03,42.882686614990234,42.468127970184185,42.94053329021028,42.07285155045149
2024-10-04,44.00102615356445,44.02030837698495,44.45414920967597,43.499699377755725
2024-10-05,43.62503433227539,43.7310847279253,44.02995001271146,43.22975792521283
2024-10-06,43.62503433227539,43.7310847279253,44.02995001271146,43.22975792521283
2024-10-07,43.62503433227539,43.7310847279253,44.02995001271146,43.22975792521283
2024-10-08,43.15262985229492,43.77928928709176,43.856418186387266,43.05622240588387
2024-10-09,43.91425704956055,43.38400878879466,44.25169043565375,43.075500576068755
2024-10-10,44.415584564208984,43.71179996219445,44.463788283690626,43.47077768707818
2024-10-11,46.14130401611328,44.781938558686946,46.218429230203554,44.64696667574798
2024-10-12,46.37268829345703,46.07382300005926,46.69083948957407,45.45680651054445
2024-10-13,46.37268829345703,46.07382300005926,46.69083948957407,45.45680651054445
2024-10-14,46.37268829345703,46.07382300005926,46.69083948957407,45.45680651054445
2024-10-15,47.17288589477539,46.546226429815775,48.18517884164911,46.29556485045703
2024-10-16,46.8740119934082,47.558518063794395,48.15625228854791,46.56550376916715
2024-10-17,52.30183792114258,48.42619898317254,52.427170544076006,48.07912629056204
2024-10-18,51.00996017456055,51.86799898673738,51.964410114779355,50.51827629352622
2024-10-19,49.640953063964844,50.990675697582276,51.22205871695835,49.467416718859866
2024-10-20,49.640953063964844,50.990675697582276,51.22205871695835,49.467416718859866
2024-10-21,49.640953063964844,50.990675697582276,51.22205871695835,49.467416718859866
2024-10-22,50.074790954589844,49.41921001444664,50.39294215100127,49.264955891925204
2024-10-23,49.62166976928711,50.036228398353984,50.335093681373195,49.303518584218374
2024-10-24,50.00730514526367,49.68915762567363,50.08443404559361,48.869679609355735
2024-10-25,49.31316375732422,50.585761199526665,50.73037237204015,49.06249850730071
2024-10-26,50.306175231933594,49.89161657774723,50.51827603483131,49.51562237458017
2024-10-27,50.306175231933594,49.89161657774723,50.51827603483131,49.51562237458017
2024-10-28,50.306175231933594,49.89161657774723,50.51827603483131,49.51562237458017
2024-10-29,50.036231994628906,50.32545802511926,50.51827660468233,49.78556673788436
2024-10-30,50.682167053222656,50.07478985019276,51.318465754303595,50.036229078694134
2024-10-31,49.939815521240234,50.68216458259845,50.91354758885234,49.87232957727205
2024-11-01,49.279136657714844,50.27016072591913,50.51305867284189,49.18197525514862
2024-11-02,48.81277847290039,49.24999186092147,49.279142138097434,48.07436655659169
2024-11-03,48.81277847290039,49.24999186092147,49.279142138097434,48.07436655659169
2024-11-04,48.81277847290039,49.24999186092147,49.279142138097434,48.07436655659169
2024-11-05,49.40543746948242,48.929359602322485,49.63862111301973,48.88078075759796
2024-11-06,58.40238571166992,54.681187209882886,58.42181799310168,53.865049921392306
2024-11-07,56.041412353515625,57.94573129117674,58.39266260599608,55.79851441637533
2024-11-08,56.060848236083984,56.38147160642378,56.59522299086939,55.41959778907578
2024-11-09,58.266361236572266,57.10045033921756,59.305964162578654,57.04215349713483
2024-11-10,58.266361236572266,57.10045033921756,59.305964162578654,57.04215349713483
2024-11-11,58.266361236572266,57.10045033921756,59.305964162578654,57.04215349713483
2024-11-12,58.37323760986328,58.18863279427341,59.30596485612325,57.99431369138709
2024-11-13,58.140052795410156,58.56755184824333,59.38368909916378,57.81942572603887
2024-11-14,58.0040283203125,58.29550510456967,58.693857574531094,57.663968983405475
2024-11-15,58.36351776123047,58.16919866452033,58.49954001702901,57.11016347909501
2024-11-16,58.81045150756836,58.48982813519156,59.228236285459836,58.353805873799665
2024-11-17,58.81045150756836,58.48982813519156,59.228236285459836,58.353805873799665
2024-11-18,58.81045150756836,58.48982813519156,59.228236285459836,58.353805873799665
2024-11-19,58.25664520263672,57.80971385062139,58.65499770444668,57.80971385062139
2024-11-20,57.85829162597656,58.31494096334688,58.31494096334688,56.886699814603894
2024-11-21,58.77158737182617,58.052607836456254,59.19908641324736,57.90686758948189
2024-11-22,60.00550842285156,58.83960121847852,60.10266982743506,58.83960121847852
2024-11-23,61.035400390625,60.41358219281042,62.172164794896936,60.37471762886481
2024-11-24,61.035400390625,60.41358219281042,62.172164794896936,60.37471762886481
2024-11-25,61.035400390625,60.41358219281042,62.172164794896936,60.37471762886481
2024-11-26,60.25812530517578,60.491305267143815,61.0159657410649,59.77232939369226
2024-11-27,60.287269592285156,60.73420092441713,61.39488363553767,60.11238277426334
2024-11-28,60.024940490722656,60.7730666248815,61.10340798663569,59.578009150210704
2024-11-29,60.024940490722656,60.7730666248815,61.10340798663569,59.578009150210704
2024-11-30,59.20880126953125,60.27755444285559,60.49130211245767,58.9173244791077
2024-12-01,59.20880126953125,60.27755444285559,60.49130211245767,58.9173244791077
2024-12-02,59.20880126953125,60.27755444285559,60.49130211245767,58.9173244791077
2024-12-03,58.58698272705078,59.33510883135587,59.46141679866152,58.40238162585672
2024-12-04,58.6744270324707,58.441247080690346,58.810449288730666,57.96516547745197
2024-12-05,58.178916931152344,59.23795212155285,59.393406658385565,58.149766657395354
2024-12-06,58.30522537231445,58.51897676564981,58.64528474410513,57.66397489863717
2024-12-07,57.430789947509766,58.37323514764183,58.74243735059116,57.382211100419426
2024-12-08,57.430789947509766,58.37323514764183,58.74243735059116,57.382211100419426
2024-12-09,57.430789947509766,58.37323514764183,58.74243735059116,57.382211100419426
2024-12-10,57.246185302734375,57.926300282921325,58.39266388770791,56.857550818576456
2024-12-11,57.99431610107422,58.06232723396102,59.13108049107857,57.36278362336404
2024-12-12,57.391929626464844,57.897157827444794,58.35380717774621,57.323918494249156
2024-12-13,57.28505325317383,57.498804641223984,57.663973472841874,56.64380279535206
2024-12-14,57.323917388916016,57.36278195124094,57.42107508839966,56.77982463535307
2024-12-15,57.323917388916016,57.36278195124094,57.42107508839966,56.77982463535307
2024-12-16,57.323917388916016,57.36278195124094,57.42107508839966,56.77982463535307
2024-12-17,56.070560455322266,57.53766611136717,57.67368836687788,55.662493688790136
2024-12-18,52.99061584472656,56.42033359511296,56.71181038385391,52.708853342867975
2024-12-19,52.59226608276367,54.10794694496767,54.40914174246319,52.42709354661173
2024-12-20,53.42784118652344,52.106475585403786,54.26340712245119,52.028746452947786
2024-12-21,53.816471099853516,53.24323176945935,54.18567703459774,52.88374382860058
2024-12-22,53.816471099853516,53.24323176945935,54.18567703459774,52.88374382860058
2024-12-23,53.816471099853516,53.24323176945935,54.18567703459774,52.88374382860058
2024-12-24,54.001075744628906,54.001075744628906,54.282834558801845,53.31124272782684
2024-12-25,54.234256744384766,53.57357399019652,54.29255358963506,53.40840515481385
2024-12-26,54.234256744384766,53.57357399019652,54.29255358963506,53.40840515481385
2024-12-27,53.476409912109375,53.98163805839034,54.5451593366429,53.21407969925224
2024-12-28,53.320960998535156,53.0489127641461,53.7484600721055,52.669992541111
2024-12-29,53.320960998535156,53.0489127641461,53.7484600721055,52.669992541111
2024-12-30,53.320960998535156,53.0489127641461,53.7484600721055,52.669992541111
2024-12-31,53.651302337646484,53.42783666026046,53.89420029650026,53.24323183948121
2025-01-01,53.25294494628906,54.098228727755384,54.55487803451838,53.20436239391382
2025-01-02,53.25294494628906,54.098228727755384,54.55487803451838,53.20436239391382
2025-01-03,53.90391159057617,53.37925113906956,53.923343870964764,52.22305825341182
2025-01-04,54.37027359008789,54.54516040207539,55.5556167143746,54.0204999661129
2025-01-05,54.37027359008789,54.54516040207539,55.5556167143746,54.0204999661129
2025-01-06,54.37027359008789,54.54516040207539,55.5556167143746,54.0204999661129
2025-01-07,53.50556182861328,54.84635959296358,54.84635959296358,53.03919819456289
2025-01-08,53.69987869262695,53.27237963918926,54.039934336687786,52.903173721117106
2025-01-09,52.12590026855469,52.61169615658845,52.95175179568069,51.80527320341472
2025-01-10,52.12590026855469,52.61169615658845,52.95175179568069,51.80527320341472
2025-01-11,53.28209686279297,51.98016364383444,53.41811912791377,51.92186679892748
2025-01-12,53.28209686279297,51.98016364383444,53.41811912791377,51.92186679892748
2025-01-13,53.28209686279297,51.98016364383444,53.41811912791377,51.92186679892748
2025-01-14,54.856075286865234,53.76789344618263,55.20584894795255,53.602720903411935
2025-01-15,56.50777816772461,56.896416364946376,57.11016403772267,55.97340342629107
2025-01-16,56.29403305053711,56.02198850601787,56.74096813895593,55.58477141209128
2025-01-17,57.97488021850586,56.362037998468026,58.72300634012314,55.92482465887367
2025-01-18,58.557838439941406,58.625849569678074,59.22823545005793,58.237211365758334
2025-01-19,58.557838439941406,58.625849569678074,59.22823545005793,58.237211365758334
2025-01-20,58.557838439941406,58.625849569678074,59.22823545005793,58.237211365758334
2025-01-21,58.557838439941406,58.625849569678074,59.22823545005793,58.237211365758334
2025-01-22,57.6251106262207,58.1983499328324,58.46067645559685,57.28505127458374
2025-01-23,56.9547119140625,57.56681580341515,58.11090856132069,56.69238167576851
2025-01-24,57.294769287109375,56.64380085773736,57.634824932530805,56.00255042185084
2025-01-25,57.450225830078125,57.275339004523715,57.97488260041267,57.022723053687926
2025-01-26,57.450225830078125,57.275339004523715,57.97488260041267,57.022723053687926
2025-01-27,57.450225830078125,57.275339004523715,57.97488260041267,57.022723053687926
2025-01-28,57.67369079589844,57.15874831939784,57.98459988053978,56.84783552842785
2025-01-29,58.12062072753906,57.39192688320549,59.140791368340345,57.37249460259717
2025-01-30,58.44124984741211,58.68414780404087,59.335112548768194,57.93602165286484
2025-01-31,58.528690338134766,58.44124692986068,58.927042818865914,57.94573304753139
2025-02-01,57.294769287109375,57.13931474829836,58.27607536841732,56.18715523478981
2025-02-02,57.294769287109375,57.13931474829836,58.27607536841732,56.18715523478981
2025-02-03,57.294769287109375,57.13931474829836,58.27607536841732,56.18715523478981
2025-02-04,58.528690338134766,57.38221174357614,58.71329144167849,57.35306146993245
2025-02-05,58.77158737182617,58.67442597173378,58.8881773456086,58.07204011647473
2025-02-06,59.66545104980469,59.24766628798063,59.79175901895181,58.68414498298235
2025-02-07,59.121360778808594,59.77232922565739,59.89863720006005,58.256644651811435
2025-02-08,57.840152740478516,59.16048313261777,59.32674488707967,57.781473876952425
2025-02-09,57.840152740478516,59.16048313261777,59.32674488707967,57.781473876952425
2025-02-10,57.840152740478516,59.16048313261777,59.32674488707967,57.781473876952425
2025-02-11,58.5345458984375,57.57608592102775,58.67147195022755,57.31201984599851
2025-02-12,57.49784851074219,57.752132298321015,58.05532011465087,57.30224358829884
2025-02-13,57.66410827636719,57.67389057412066,57.83037376049513,57.02839696396929
2025-02-14,57.82059097290039,57.957513293461396,58.51498860422945,57.54674633177837
2025-02-15,57.77169418334961,57.95751681098117,58.407409259797745,57.566310690043096
2025-02-16,57.77169418334961,57.95751681098117,58.407409259797745,57.566310690043096
2025-02-17,57.77169418334961,57.95751681098117,58.407409259797745,57.566310690043096
2025-02-18,57.77169418334961,57.95751681098117,58.407409259797745,57.566310690043096
2025-02-19,57.3804817199707,57.028397346407125,57.86949214702695,56.76433126809433
2025-02-20,56.402462005615234,57.38048287949116,57.72279242385987,55.659167783045085
2025-02-21,54.57356262207031,56.842570693034276,56.969714448029364,54.28993568048645
2025-02-22,54.475765228271484,54.9549933830909,54.96477568143218,53.83027157933353
2025-02-23,54.475765228271484,54.9549933830909,54.96477568143218,53.83027157933353
2025-02-24,54.475765228271484,54.9549933830909,54.96477568143218,53.83027157933353
2025-02-25,54.22147750854492,54.80829228874167,55.39510333808475,53.98675458114916
2025-02-26,54.436641693115234,54.348619665228355,55.38532313469011,54.0649927163869
2025-02-27,54.71048355102539,54.554000368420745,55.7080652392,54.36817775496941
2025-02-28,55.08213806152344,55.08213806152344,55.62983112127843,53.84983334064188
2025-03-01,53.126094818115234,55.082136611803875,55.6004864932582,52.71532783225037
2025-03-02,53.126094818115234,55.082136611803875,55.6004864932582,52.71532783225037
2025-03-03,53.126094818115234,55.082136611803875,55.6004864932582,52.71532783225037
2025-03-04,51.40477752685547,52.187193465368914,52.64686446149396,50.29961291510014
2025-03-05,51.981807708740234,51.69818077753571,52.41213552339815,50.45609389719311
2025-03-06,50.57345962524414,51.07225237136865,51.874229207437814,50.09423147559125
2025-03-07,49.98664855957031,50.51478073847787,50.749503664089914,48.871705335779005
2025-03-08,46.50489044189453,48.67609791205585,49.116208038555236,46.23104579911867
2025-03-09,46.50489044189453,48.67609791205585,49.116208038555236,46.23104579911867
2025-03-10,46.50489044189453,48.67609791205585,49.116208038555236,46.23104579911867
2025-03-11,47.6491813659668,46.5146772253892,48.216431570828696,46.455994625912254
2025-03-12,48.59785842895508,48.324013763778616,49.23357352266185,47.97192563377817
2025-03-13,47.453575134277344,48.881484771485795,49.32159492839353,47.414453402362504
2025-03-14,49.25313186645508,48.11862780058514,49.360714759651515,47.54159533504806
2025-03-15,49.74214172363281,49.23357042681749,50.358295912389345,49.23357042681749
2025-03-16,49.74214172363281,49.23357042681749,50.358295912389345,49.23357042681749
2025-03-17,49.74214172363281,49.23357042681749,50.358295912389345,49.23357042681749
2025-03-18,49.810604095458984,49.93774785546435,50.38763656827892,49.39983338269302
2025-03-19,50.95488739013672,49.810604728115386,51.42434070521863,49.507416906052825
2025-03-20,50.38763427734375,50.29961225224261,51.40477684943388,50.22136879399563
2025-03-21,50.48543930053711,50.15291203550753,50.769066265296935,49.585661836841645
2025-03-22,51.590599060058594,51.38521558005844,51.78620397328163,50.91576602683519
2025-03-23,51.590599060058594,51.38521558005844,51.78620397328163,50.91576602683519
2025-03-24,51.590599060058594,51.38521558005844,51.78620397328163,50.91576602683519
2025-03-25,51.512359619140625,51.59060308287229,52.06983497109451,51.34609785499138
2025-03-26,51.150489807128906,51.75686169065525,52.42191616840161,50.99400662006232
2025-03-27,50.87664794921875,51.21895377378483,51.49280216429137,50.66148215614655
2025-03-28,49.90840148925781,50.41697276579087,51.17983154601713,49.556313395438515
2025-03-29,50.41697311401367,49.10642505066417,50.700600050533005,49.07708561959438
2025-03-30,50.41697311401367,49.10642505066417,50.700600050533005,49.07708561959438
2025-03-31,50.41697311401367,49.10642505066417,50.700600050533005,49.07708561959438
2025-04-01,49.61499786376953,49.90840337609364,50.23115205124761,48.9695042443151
2025-04-02,50.358299255371094,49.07709049579312,50.43653898961542,48.99884703069503
2025-04-03,42.98401641845703,46.905878322862606,47.63939394866954,42.935116122907246
2025-04-04,40.8421516418457,41.0670997347476,41.3213835302814,38.5633648570244
2025-04-05,41.516990661621094,38.90567274809645,43.07204414337742,38.90567274809645
2025-04-06,41.516990661621094,38.90567274809645,43.07204414337742,38.90567274809645
2025-04-07,41.516990661621094,38.90567274809645,43.07204414337742,38.90567274809645
2025-04-08,40.88127517700195,43.267648695192,43.59039367033093,40.13798089270178
2025-04-09,45.63445281982422,39.913032326117786,45.90829746459955,39.081712363137214
2025-04-10,41.2626953125,44.09895706322622,44.372801687404156,40.22599567476741
2025-04-11,41.438743591308594,40.99863344966522,41.67347024380291,40.167317195002745
2025-04-12,42.485225677490234,42.416764514369156,42.651491167108254,41.18445984733624
2025-04-13,42.485225677490234,42.416764514369156,42.651491167108254,41.18445984733624
2025-04-14,42.485225677490234,42.416764514369156,42.651491167108254,41.18445984733624
2025-04-15,43.385005950927734,42.76885176442639,44.24566535245383,42.76885176442639
2025-04-16,43.35566711425781,43.013357570011266,43.94247814603254,42.76885235162953
2025-04-17,44.15764617919922,43.580613685219866,44.62709577467931,43.50237022054631
2025-04-18,43.56105041503906,43.56105041503906,43.86423449678284,42.866656493224774
2025-04-19,43.56105041503906,43.56105041503906,43.86423449678284,42.866656493224774
2025-04-20,43.56105041503906,43.56105041503906,43.86423449678284,42.866656493224774
2025-04-21,43.56105041503906,43.56105041503906,43.86423449678284,42.866656493224774
2025-04-22,45.145442962646484,43.825116287721016,45.29214758468421,43.63928993569276
2025-04-23,46.12346267700195,46.89610003620505,48.19686581369507,45.732252848560194
2025-04-24,46.847198486328125,44.881374560768144,46.99389936992674,44.74445224373478
2025-04-25,46.455989837646484,46.15280203454619,47.15038373770964,46.15280203454619
2025-04-26,46.59291458129883,46.46577082101812,46.945002698473964,45.94742094342896
2025-04-27,46.59291458129883,46.46577082101812,46.945002698473964,45.94742094342896
2025-04-28,46.59291458129883,46.46577082101812,46.945002698473964,45.94742094342896
2025-04-29,46.65159606933594,46.51467374498858,46.97434101517564,45.800718960281976
2025-04-30,46.26038360595703,45.341045386886634,46.34840562816561,44.93027470629547
2025-05-01,46.759178161621094,46.21148514274795,47.35576774594919,45.78115731203913
2025-05-02,48.65653610229492,48.18708655343247,48.90104130883912,47.54159295738993
2025-05-03,48.40225601196289,47.95236356224096,49.26291171827081,47.95236356224096
2025-05-04,48.40225601196289,47.95236356224096,49.26291171827081,47.95236356224096
2025-05-05,48.40225601196289,47.95236356224096,49.26291171827081,47.95236356224096
2025-05-06,47.52203369140625,47.76653890617355,48.2848887676071,47.443790231871034
2025-05-07,47.63939666748047,47.90346275554379,48.16752884360712,47.30686941556964
2025-05-08,49.057525634765625,48.09906565048399,49.35093114328393,47.89368216760653
2025-05-09,48.7152214050293,49.24334984509629,49.390054469525424,48.41203358894076
2025-05-10,52.15614700317383,51.988535506123945,52.94489703355227,51.17020852493657
2025-05-11,52.15614700317383,51.988535506123945,52.94489703355227,51.17020852493657
2025-05-12,52.15614700317383,51.988535506123945,52.94489703355227,51.17020852493657
2025-05-13,52.13642883300781,52.13642883300781,52.55052119690556,51.64345958395418
2025-05-14,52.56038284301758,51.94909826442815,52.85616364111029,51.68289441782764
2025-05-15,52.17586135864258,52.12656518798549,52.77728441940654,51.80120745280334
2025-05-16,52.15614700317383,52.205443174874326,52.34347396005845,51.51528548789688
2025-05-17,51.74205017089844,51.170207817179765,51.86036173355458,50.86456553917323
2025-05-18,51.74205017089844,51.170207817179765,51.86036173355458,50.86456553917323
2025-05-19,51.74205017089844,51.170207817179765,51.86036173355458,50.86456553917323
2025-05-20,51.90966033935547,51.55472189939883,51.97867572922963,51.35753345930551
2025-05-21,50.0758171081543,51.51528640947841,51.89980182110064,49.95750178068832
2025-05-22,50.578643798828125,49.819470709990576,51.01245914162494,49.819470709990576
2025-05-23,50.51948928833008,49.15889313503546,50.79555085874526,49.10959696332658
2025-05-24,51.76177215576172,51.30824134047919,51.85050677275673,50.62794135649844
2025-05-25,51.76177215576172,51.30824134047919,51.85050677275673,50.62794135649844
2025-05-26,51.76177215576172,51.30824134047919,51.85050677275673,50.62794135649844
2025-05-27,51.76177215576172,51.30824134047919,51.85050677275673,50.62794135649844
2025-05-28,50.87442398071289,51.840646999269104,51.94909707260473,50.84484702989925
2025-05-29,51.367393493652344,51.239224198738995,51.38711271465213,50.716674244886754
2025-05-30,50.7561149597168,51.120911161906115,51.120911161906115,50.29272264811347
2025-05-31,50.6279411315918,50.80541036479344,50.884287251130594,49.543410271854576
2025-06-01,50.6279411315918,50.80541036479344,50.884287251130594,49.543410271854576
2025-06-02,50.6279411315918,50.80541036479344,50.884287251130594,49.543410271854576
2025-06-03,51.32795715332031,50.519487923750404,51.78148793848261,50.46033026266356
2025-06-04,51.12091064453125,51.268802926627,51.71247601185728,51.12091064453125
2025-06-05,51.58430099487305,51.18992409828092,51.850504835914215,50.80540869268484
2025-06-06,52.935035705566406,52.73785101815727,53.2702549396415,52.40263178408218
2025-06-07,53.05335235595703,53.299836982429696,53.782944744124244,53.05335235595703
2025-06-08,53.05335235595703,53.299836982429696,53.782944744124244,53.05335235595703
2025-06-09,53.05335235595703,53.299836982429696,53.782944744124244,53.05335235595703
2025-06-10,54.137882232666016,53.07307062123734,54.206897625950425,52.75756684486408
2025-06-11,53.142086029052734,54.22661686186734,54.58155531945957,53.142086029052734
2025-06-12,52.55051803588867,52.589956476094315,52.73784874633715,51.860360376516546
2025-06-13,51.20964431762695,51.61387895203949,51.81106740418005,50.95330196258406
2025-06-14,50.76597595214844,52.01811456041305,52.01811456041305,50.59836444832077
2025-06-15,50.76597595214844,52.01811456041305,52.01811456041305,50.59836444832077
2025-06-16,50.76597595214844,52.01811456041305,52.01811456041305,50.59836444832077
2025-06-17,50.05609893798828,50.342022010449554,50.68709898682904,49.9476450993956
2025-06-18,50.834991455078125,50.06595685180965,51.25894531964523,49.94764528248257
2025-06-19,51.268798828125,51.18006421817252,51.4758449976619,50.99273726874246
2025-06-20,51.268798828125,51.18006421817252,51.4758449976619,50.99273726874246
2025-06-21,52.36319351196289,50.95330117828646,52.422347413954704,50.726535778185216
2025-06-22,52.36319351196289,50.95330117828646,52.422347413954704,50.726535778185216
2025-06-23,52.36319351196289,50.95330117828646,52.422347413954704,50.726535778185216
2025-06-24,52.92517852783203,53.04349009372332,53.773086232342834,52.73785156841608
2025-06-25,52.3336181640625,52.75756826519878,52.797006708439305,52.2448835472998
2025-06-26,53.91111755371094,52.471648244420074,53.99985216927308,52.25474057058885
2025-06-27,53.989990234375,54.06886711914065,54.3350709636394,53.60547482378465
2025-06-28,53.83224105834961,54.246337187659,54.60127565247936,53.78294488513721
2025-06-29,53.83224105834961,54.246337187659,54.60127565247936,53.78294488513721
2025-06-30,53.83224105834961,54.246337187659,54.60127565247936,53.78294488513721
2025-07-01,56.021026611328125,53.83224188534864,56.35624585980195,53.54632257190151
2025-07-02,56.94780349731445,56.41539959009816,57.14499194049595,55.97172653320398
2025-07-03,57.8548698425293,56.98724293400314,58.39713524996185,56.84921214968105
2025-07-04,57.3914794921875,57.65768333995149,58.41685644037689,56.78019867198329
2025-07-05,57.3914794921875,57.65768333995149,58.41685644037689,56.78019867198329
2025-07-06,57.3914794921875,57.65768333995149,58.41685644037689,56.78019867198329
2025-07-07,57.3914794921875,57.65768333995149,58.41685644037689,56.78019867198329
2025-07-08,58.20981216430664,58.01262370456931,59.047858416869005,57.63796600717408
2025-07-09,58.06191635131836,58.74221630802336,58.89010482304767,57.72669711845038
2025-07-10,58.673194885253906,58.0717755963904,59.225321765405816,58.03233715615312
2025-07-11,58.052059173583984,58.31826301642799,58.59432458927799,57.75627837966515
2025-07-12,58.81122970581055,57.83514899110698,58.89996431623815,57.83514899110698
2025-07-13,58.81122970581055,57.83514899110698,58.89996431623815,57.83514899110698
2025-07-14,58.81122970581055,57.83514899110698,58.89996431623815,57.83514899110698
2025-07-15,57.09569549560547,58.57460317077507,58.752072392679956,56.86893010340627
2025-07-16,57.61824417114258,57.480213383905564,57.87459028548864,56.35624410376775
2025-07-17,59.20560836791992,59.45209300205868,59.49153144617458,57.74641978514528
2025-07-18,59.994354248046875,59.501385014255014,60.13238879279629,58.81123109579183
2025-07-19,59.47180938720703,60.043655516438285,60.654936326847285,59.45209016608973
2025-07-20,59.47180938720703,60.043655516438285,60.654936326847285,59.45209016608973
2025-07-21,59.47180938720703,60.043655516438285,60.654936326847285,59.45209016608973
2025-07-22,60.59577941894531,59.47181012864441,61.08874866985322,59.11687166622162
2025-07-23,60.970436096191406,61.049309219284986,61.12818610343541,60.28027840410254
2025-07-24,59.37321853637695,60.95071865487915,61.07889171483775,59.29434164992337
2025-07-25,59.11687088012695,59.018278535679144,59.16616705235086,57.8351515970212
2025-07-26,58.70277786254883,59.25490100296224,59.580262505897416,58.328120187942
2025-07-27,58.70277786254883,59.25490100296224,59.580262505897416,58.328120187942
2025-07-28,58.70277786254883,59.25490100296224,59.580262505897416,58.328120187942
2025-07-29,58.06191635131836,59.1563086633596,59.195747105122145,57.87458939453151
2025-07-30,57.31260299682617,58.4069952751399,58.6633376165827,57.02667994444468
2025-07-31,56.83935546875,57.2633093204526,57.55909011532359,56.72104014195611
2025-08-01,55.222412109375,55.636508222971,56.2280698011861,54.453381305484015
2025-08-02,55.82383728027344,55.46889881555814,56.08018339859312,55.212556458295396
2025-08-03,55.82383728027344,55.46889881555814,56.08018339859312,55.212556458295396
2025-08-04,55.82383728027344,55.46889881555814,56.08018339859312,55.212556458295396
2025-08-05,55.86327362060547,56.040742846283315,56.19849285121287,54.561835139672446
2025-08-06,55.3900260925293,55.94215301509864,56.31680694296577,55.35058764926214
2025-08-07,54.551979064941406,55.961867661181074,55.961867661181074,54.54211757373967
2025-08-08,55.06466293334961,55.34072826692156,55.399882168999454,54.601274402493104
2025-08-09,54.80646896362305,55.124244897291305,55.44202461914751,54.64758099678892
2025-08-10,54.80646896362305,55.124244897291305,55.44202461914751,54.64758099678892
2025-08-11,54.80646896362305,55.124244897291305,55.44202461914751,54.64758099678892
2025-08-12,57.35860824584961,55.193761149099124,57.41819265313532,55.13417674181341
2025-08-13,57.83527755737305,57.64659548974577,57.96437142784771,57.259306301945784
2025-08-14,58.023956298828125,57.130209098182455,58.03388513964062,56.74291990729868
2025-08-15,57.09048843383789,58.014022132447266,58.014022132447266,57.0706269645512
2025-08-16,57.81541442871094,56.87201548220929,57.86506620732937,56.65354311046275
2025-08-17,57.81541442871094,56.87201548220929,57.86506620732937,56.65354311046275
2025-08-18,57.81541442871094,56.87201548220929,57.86506620732937,56.65354311046275
2025-08-19,57.52743148803711,57.64659651990785,58.39138459842911,57.25930732518689
2025-08-20,57.95444107055664,57.62673251210878,58.1033964067883,57.16000124609077
2025-08-21,57.775691986083984,57.53735814320831,58.12325822758194,57.36854133682014
2025-08-22,61.05276107788086,58.06367991754121,61.06269370699755,57.99416666647666
2025-08-23,60.70519256591797,60.814428753012415,61.08254911818686,60.2682478175402
2025-08-24,60.70519256591797,60.814428753012415,61.08254911818686,60.2682478175402
2025-08-25,60.70519256591797,60.814428753012415,61.08254911818686,60.2682478175402
2025-08-26,61.56914520263672,60.37748357010939,61.79754641574137,60.37748357010939
2025-08-27,62.19477081298828,61.39039832518886,62.81046122996485,61.39039832518886
2025-08-28,61.867061614990234,62.43310024536052,62.48275202574268,61.51949536412708
2025-08-29,61.787620544433594,61.867062636719425,62.33379771403348,61.688313193841196
2025-08-30,61.81740951538086,60.78463582073789,61.82733835613081,60.43706957166958
2025-08-31,61.81740951538086,60.78463582073789,61.82733835613081,60.43706957166958
2025-09-01,61.81740951538086,60.78463582073789,61.82733835613081,60.43706957166958
2025-09-02,61.81740951538086,60.78463582073789,61.82733835613081,60.43706957166958
2025-09-03,61.34074401855469,61.78761760448735,62.31393327892588,60.79456687494272
2025-09-04,62.482749938964844,61.64859096475224,62.482749938964844,61.16199444160699
2025-09-05,61.57907485961914,62.77073650794704,63.1480968506916,61.06269180725874
2025-09-06,61.64859390258789,61.58900949236699,61.678384213604296,60.705194909124806
2025-09-07,61.64859390258789,61.58900949236699,61.678384213604296,60.705194909124806
2025-09-08,61.64859390258789,61.58900949236699,61.678384213604296,60.705194909124806
2025-09-09,60.7945671081543,61.4599092811713,61.99615758634758,60.71512123115577
2025-09-10,61.231510162353516,61.06269335023682,61.857133206467275,60.78463655941513
2025-09-11,61.519493103027344,61.340743669670935,61.757823155377295,60.715120652923524
2025-09-12,61.0726203918457,61.58900723022923,61.58900723022923,60.9832456738911
2025-09-13,60.198734283447266,61.18185617444491,61.628729761262015,60.06964041584625
2025-09-14,60.198734283447266,61.18185617444491,61.628729761262015,60.06964041584625
2025-09-15,60.198734283447266,61.18185617444491,61.628729761262015,60.06964041584625
2025-09-16,59.07659149169922,60.06964225359023,60.2881108452384,58.391384041554076
2025-09-17,60.22853088378906,59.245408951943794,61.60887085182958,59.10638244986606
2025-09-18,61.88692092895508,60.337760432955584,61.966366805349466,60.23845687565049
2025-09-19,61.112342834472656,61.53935495143543,61.58900673029875,60.66546924832698
2025-09-20,60.26824951171875,60.764774893787184,61.072621994417304,59.76179528881168
2025-09-21,60.26824951171875,60.764774893787184,61.072621994417304,59.76179528881168
2025-09-22,60.26824951171875,60.764774893787184,61.072621994417304,59.76179528881168
2025-09-23,60.288108825683594,60.536371507839945,61.380466900084286,59.910752276301224
2025-09-24,59.7419319152832,60.526442903118195,60.73498264777673,59.60290541884417
2025-09-25,59.404296875,59.6724210380091,59.6724210380091,58.94749442906809
2025-09-26,59.424156188964844,59.77172243126159,60.059708053843416,59.14610319512745
2025-09-27,59.16596603393555,59.53339375403804,59.61283584489273,58.123259706534085
2025-09-28,59.16596603393555,59.53339375403804,59.61283584489273,58.123259706534085
2025-09-29,59.16596603393555,59.53339375403804,59.61283584489273,58.123259706534085
2025-09-30,59.02693557739258,59.205685016541246,59.60290683424673,57.934581260984494
2025-10-01,58.5800666809082,58.43110754989953,58.89784262475117,58.02395688508898
2025-10-02,58.550270080566406,58.4211762132743,58.82832686069166,57.83527613155781
2025-10-03,59.19575500488281,59.08651881776511,59.64262859391526,58.729019946539154
2025-10-04,61.02296829223633,60.07956933837631,61.728033403405895,59.96040431112504
2025-10-05,61.02296829223633,60.07956933837631,61.728033403405895,59.96040431112504
2025-10-06,61.02296829223633,60.07956933837631,61.728033403405895,59.96040431112504
2025-10-07,59.71214294433594,61.241438227641524,61.60886973439762,59.6922814746582
2025-10-08,58.45096969604492,60.03984943363913,60.13915678485633,58.421179384773815
2025-10-09,58.76874542236328,58.68929954168855,58.98721780603071,57.8253464243853
2025-10-10,55.362579345703125,59.076590819733276,59.25533646970754,55.23348168743307
2025-10-11,56.78264236450195,56.48472789621381,56.90180739417961,55.87896633072138
2025-10-12,56.78264236450195,56.48472789621381,56.90180739417961,55.87896633072138
2025-10-13,56.78264236450195,56.48472789621381,56.90180739417961,55.87896633072138
2025-10-14,59.02693557739258,56.30597862713041,59.424157395098064,56.12722918798174
2025-10-15,57.795555114746094,59.563184259152266,59.563184259152266,57.55722126502745
2025-10-16,53.72404479980469,57.01104419133268,57.28909719294287,53.0686314473035
2025-10-17,53.89286422729492,53.87300275787076,54.68730406332179,52.32384223647741
2025-10-18,54.448974609375,54.220569602562556,54.905777046623896,53.88293219498989
2025-10-19,54.448974609375,54.220569602562556,54.905777046623896,53.88293219498989
2025-10-20,54.448974609375,54.220569602562556,54.905777046623896,53.88293219498989
2025-10-21,55.71014404296875,54.49862473692122,55.94847788328262,54.14112587054436
2025-10-22,55.52146911621094,56.077578918340585,56.623756091256645,55.41223292399011
2025-10-23,55.42216491699219,55.98820355364955,55.98820355364955,54.965358683113635
2025-10-24,56.08750534057617,56.057715030596334,56.56416924119327,55.571118501194
2025-10-25,56.70319747924805,56.732991578330385,57.29903021445009,56.484728885709885
2025-10-26,56.70319747924805,56.732991578330385,57.29903021445009,56.484728885709885
2025-10-27,56.70319747924805,56.732991578330385,57.29903021445009,56.484728885709885
2025-10-28,56.19674301147461,56.59396483323469,57.03090580662036,55.809453818761945
2025-10-29,55.76972961425781,55.690287524620125,56.6734056394907,55.392369270961936
2025-10-30,56.19674301147461,55.70021762836852,56.84222752478774,55.70021762836852
2025-10-31,56.64361572265625,55.82931441022983,56.73299044173662,55.41223112512547
2025-11-01,56.49465560913086,56.3457002720544,56.53437854762642,55.610841062638286
2025-11-02,56.49465560913086,56.3457002720544,56.53437854762642,55.610841062638286
2025-11-03,56.49465560913086,56.3457002720544,56.53437854762642,55.610841062638286
2025-11-04,56.28611755371094,55.89882836222477,56.6535452753532,55.243415010127855
2025-11-05,56.842227935791016,56.23646635791148,57.596944856766584,55.769731282196815
2025-11-06,56.226531982421875,56.90180679041011,57.487706880041436,55.44202477483115
2025-11-07,57.160003662109375,55.86903463107474,57.160003662109375,55.42216481530373
2025-11-08,57.29999923706055,57.43000030517578,57.790000915527344,56.810001373291016
2025-11-09,57.29999923706055,57.43000030517578,57.790000915527344,56.810001373291016
2025-11-10,57.29999923706055,57.43000030517578,57.790000915527344,56.810001373291016
2025-11-11,57.20000076293945,57.33000183105469,57.75,56.59000015258789
2025-11-12,57.56999969482422,57.349998474121094,58.599998474121094,57.29999923706055
2025-11-13,56.70000076293945,57.2599983215332,58.2599983215332,56.54999923706055
2025-11-14,56.43000030517578,56.16999816894531,56.75,55.70000076293945
2025-11-15,54.5099983215332,56.20000076293945,56.470001220703125,54.31999969482422
2025-11-16,54.5099983215332,56.20000076293945,56.470001220703125,54.31999969482422
2025-11-17,54.5099983215332,56.20000076293945,56.470001220703125,54.31999969482422
2025-11-18,55.34000015258789,54.22999954223633,55.630001068115234,53.63999938964844
2025-11-19,56.310001373291016,55.40999984741211,56.5099983215332,54.97999954223633
2025-11-20,55.79999923706055,57.130001068115234,58.040000915527344,55.75
2025-11-21,57.63999938964844,55.97999954223633,58.369998931884766,55.970001220703125
2025-11-22,57.939998626708984,57.540000915527344,58.279998779296875,57.20000076293945
2025-11-23,57.939998626708984,57.540000915527344,58.279998779296875,57.20000076293945
2025-11-24,57.939998626708984,57.540000915527344,58.279998779296875,57.20000076293945
2025-11-25,59.86000061035156,58.20000076293945,60.40999984741211,58.08000183105469
2025-11-26,59.41999816894531,59.70000076293945,60.11000061035156,59.369998931884766
2025-11-27,59.599998474121094,59.58000183105469,59.86000061035156,59.0
2025-11-28,59.599998474121094,59.58000183105469,59.86000061035156,59.0
2025-11-29,60.5,59.45000076293945,60.79999923706055,59.45000076293945
2025-11-30,60.5,59.45000076293945,60.79999923706055,59.45000076293945
2025-12-01,60.5,59.45000076293945,60.79999923706055,59.45000076293945
2025-12-02,60.400001525878906,60.880001068115234,61.15999984741211,60.31999969482422
2025-12-03,62.09000015258789,60.34000015258789,62.29999923706055,60.189998626708984
2025-12-04,62.04999923706055,62.0,62.84000015258789,61.7599983215332
2025-12-05,62.4900016784668,61.81999969482422,62.79999923706055,61.79999923706055
2025-12-06,62.630001068115234,62.5099983215332,63.40999984741211,62.41999816894531
2025-12-07,62.630001068115234,62.5099983215332,63.40999984741211,62.41999816894531
2025-12-08,62.630001068115234,62.5099983215332,63.40999984741211,62.41999816894531
2025-12-09,62.66999816894531,62.5,63.75,62.5
2025-12-10,63.9900016784668,62.779998779296875,64.41000366210938,62.58000183105469
2025-12-11,63.93000030517578,63.86000061035156,64.86000061035156,63.540000915527344
2025-12-12,63.959999084472656,64.48999786376953,64.62999725341797,63.47999954223633
2025-12-13,64.12999725341797,64.41999816894531,64.87000274658203,63.43000030517578
2025-12-14,64.12999725341797,64.41999816894531,64.87000274658203,63.43000030517578
2025-12-15,64.12999725341797,64.41999816894531,64.87000274658203,63.43000030517578
2025-12-16,63.70000076293945,64.43000030517578,64.77999877929688,63.2599983215332
2025-12-17,64.0,63.79999923706055,64.37999725341797,63.59000015258789
2025-12-18,64.69999694824219,64.41999816894531,65.38999938964844,63.9900016784668
2025-12-19,64.66000366210938,64.9000015258789,65.25,64.02999877929688
2025-12-20,64.94000244140625,64.66000366210938,65.27999877929688,64.41000366210938
2025-12-21,64.94000244140625,64.66000366210938,65.27999877929688,64.41000366210938
2025-12-22,64.94000244140625,64.66000366210938,65.27999877929688,64.41000366210938
2025-12-23,64.31999969482422,65.22000122070312,65.22000122070312,64.31999969482422
2025-12-24,64.52999877929688,64.55000305175781,64.8499984741211,64.12000274658203
2025-12-25,64.4000015258789,64.5199966430664,64.80999755859375,64.12000274658203
2025-12-26,64.4000015258789,64.5199966430664,64.80999755859375,64.12000274658203
2025-12-27,63.959999084472656,64.5,64.72000122070312,63.91999816894531
2025-12-28,63.959999084472656,64.5,64.72000122070312,63.91999816894531
2025-12-29,63.959999084472656,64.5,64.72000122070312,63.91999816894531
2025-12-30,63.529998779296875,64.19999694824219,64.36000061035156,63.36000061035156
2025-12-31,62.939998626708984,63.869998931884766,63.869998931884766,62.83000183105469
2026-01-01,63.81999969482422,63.0,64.37999725341797,62.29999923706055
2026-01-02,63.81999969482422,63.0,64.37999725341797,62.29999923706055
2026-01-03,65.04000091552734,63.5099983215332,65.9000015258789,63.5099983215332
2026-01-04,65.04000091552734,63.5099983215332,65.9000015258789,63.5099983215332
2026-01-05,65.04000091552734,63.5099983215332,65.9000015258789,63.5099983215332
2026-01-06,65.69999694824219,64.77999877929688,65.9800033569336,64.51000213623047
2026-01-07,64.58000183105469,65.5,65.70999908447266,64.27999877929688
2026-01-08,65.75,64.33000183105469,66.48999786376953,64.33000183105469
2026-01-09,64.7699966430664,65.9800033569336,66.54000091552734,64.75
2026-01-10,63.20000076293945,63.91999816894531,64.37000274658203,63.130001068115234
2026-01-11,63.20000076293945,63.91999816894531,64.37000274658203,63.130001068115234
2026-01-12,63.20000076293945,63.91999816894531,64.37000274658203,63.130001068115234
2026-01-13,62.849998474121094,63.459999084472656,63.83000183105469,62.810001373291016
2026-01-14,63.619998931884766,62.650001525878906,63.95000076293945,62.47999954223633
2026-01-15,64.41000366210938,64.12999725341797,64.83999633789062,63.70000076293945
2026-01-16,64.52999877929688,64.26000213623047,65.22000122070312,63.91999816894531
2026-01-17,63.38999938964844,63.59000015258789,64.6500015258789,63.13999938964844
2026-01-18,63.38999938964844,63.59000015258789,64.6500015258789,63.13999938964844
2026-01-19,63.38999938964844,63.59000015258789,64.6500015258789,63.13999938964844
2026-01-20,63.38999938964844,63.59000015258789,64.6500015258789,63.13999938964844
2026-01-21,65.91999816894531,64.05000305175781,66.19000244140625,63.63999938964844
2026-01-22,66.22000122070312,66.06999969482422,67.43000030517578,65.70999908447266
2026-01-23,64.08999633789062,66.0,66.87000274658203,63.72999954223633
2026-01-24,64.95449829101562,66.0,64.9749984741211,63.82749938964844
2026-01-25,64.95449829101562,66.0,64.9749984741211,63.82749938964844
2026-01-26,64.95449829101562,66.0,64.9749984741211,63.82749938964844
